soc_yellow,soc_red,low_soc_low_voltage_battery,alerts,no_signal,repeated_faults_yellow,repeated_faults_red,battery_temperature_yellow,battery_temperature_red,battery_cells_voltage_yellow,battery_cells_voltage_red,air_pressure,brake_pads_yellow,brake_pads_red,insulation_yellow,insulation_red,maintenance_rank,safety_rank,soh_average,timestamp
4.0,1.0,3.0,1.0,1.0,4.0,1.0,3.0,1.0,2.0,2.0,,1.0,2.0,4.0,1.0,77,20,31,2025-05-11 23:43:20.999999
4.0,1.0,2.0,1.0,1.0,4.0,,3.0,1.0,2.0,1.0,,1.0,2.0,,1.0,80,20,31,2025-05-11 23:43:21.999999
4.0,1.0,2.0,1.0,1.0,4.0,,3.0,1.0,2.0,1.0,,1.0,2.0,,1.0,80,20,89,2025-05-11 23:43:22.999999
3.0,1.0,2.0,1.0,4.0,4.0,,3.0,1.0,2.0,1.0,,1.0,2.0,,1.0,80,20,89,2025-05-11 23:43:23.999999
3.0,1.0,2.0,1.0,4.0,4.0,,3.0,1.0,2.0,1.0,,1.0,2.0,,1.0,80,20,89,2025-05-11 23:43:24.999999
3.0,1.0,2.0,1.0,4.0,4.0,,3.0,1.0,2.0,1.0,,1.0,2.0,,1.0,80,20,89,2025-05-11 23:43:25.999999
3.0,1.0,2.0,,4.0,,,,,,1.0,,,,,,80,20,89,2025-05-11 23:43:26.999999
3.0,1.0,2.0,,4.0,,,,,,1.0,,1.0,,,,80,92,92,2025-05-11 23:43:27.999999
3.0,1.0,,,4.0,,,,,,,,,,,,44,92,92,2025-05-11 23:43:28.999999
3.0,1.0,,,7.0,,,,,,,,,,,,44,92,92,2025-05-11 23:43:29.999999
,,,,7.0,,,,,,,,,,,,44,92,92,2025-05-11 23:43:30.999999
,,,,7.0,,,,,,,,,,,,44,92,30,2025-05-11 23:43:31.999999
,,,,7.0,,1.0,,,,,,,,,,44,92,30,2025-05-11 23:43:32.999999
,,,3.0,7.0,,1.0,1.0,2.0,,,,,2.0,,,44,92,30,2025-05-11 23:43:33.999999
,,,3.0,7.0,,1.0,1.0,2.0,,,,,2.0,,,44,71,30,2025-05-11 23:43:34.999999
,,,3.0,7.0,,1.0,1.0,2.0,,,1.0,4.0,1.0,,,8,71,30,2025-05-11 23:43:35.999999
,,1.0,3.0,7.0,,1.0,1.0,2.0,,,1.0,,1.0,,,8,71,30,2025-05-11 23:43:36.999999
,1.0,1.0,3.0,7.0,,1.0,1.0,2.0,,,1.0,,1.0,,,8,71,30,2025-05-11 23:43:37.999999
,1.0,1.0,3.0,7.0,,1.0,,2.0,,,1.0,1.0,2.0,4.0,,8,71,96,2025-05-11 23:43:38.999999
,1.0,1.0,3.0,7.0,,1.0,,2.0,,,1.0,1.0,,,,43,71,96,2025-05-11 23:43:39.999999
,1.0,1.0,,7.0,,1.0,,2.0,3.0,,2.0,1.0,,,,88,71,96,2025-05-11 23:43:40.999999
,1.0,1.0,,7.0,,,,2.0,3.0,,2.0,1.0,,,,88,38,96,2025-05-11 23:43:41.999999
,1.0,1.0,,7.0,,,,2.0,3.0,,,1.0,,,,88,38,96,2025-05-11 23:43:42.999999
,1.0,2.0,,3.0,,,,2.0,3.0,,,1.0,,,,88,38,96,2025-05-11 23:43:43.999999
,1.0,2.0,,3.0,,,,,3.0,,,1.0,,,,88,38,96,2025-05-11 23:43:44.999999
,1.0,2.0,,3.0,,,,,3.0,,,,,,,88,38,60,2025-05-11 23:43:45.999999
,1.0,2.0,,3.0,,,,,3.0,,,,,,,88,38,60,2025-05-11 23:43:46.999999
,1.0,2.0,1.0,3.0,,,,,,,,,,,,9,38,60,2025-05-11 23:43:47.999999
,1.0,2.0,1.0,3.0,,,,,,,,,,,,28,88,60,2025-05-11 23:43:48.999999
,1.0,2.0,1.0,3.0,1.0,,,,,,,,,3.0,,28,88,60,2025-05-11 23:43:49.999999
,1.0,,1.0,6.0,1.0,,,,,,,,,3.0,,28,88,60,2025-05-11 23:43:50.999999
,,,1.0,6.0,1.0,,,,,,,,,3.0,,28,88,60,2025-05-11 23:43:51.999999
,,,1.0,6.0,1.0,,,,,,,,,3.0,,28,24,15,2025-05-11 23:43:52.999999
,,,1.0,6.0,1.0,,,,,,,,,3.0,,28,24,15,2025-05-11 23:43:53.999999
,,,1.0,6.0,1.0,,,,,,,,,3.0,,28,29,15,2025-05-11 23:43:54.999999
,,,1.0,6.0,1.0,,,,,,,,,3.0,,15,29,15,2025-05-11 23:43:55.999999
,,,1.0,6.0,,,,,,,,,1.0,,,15,29,15,2025-05-11 23:43:56.999999
,,,1.0,3.0,,,,2.0,,,,,1.0,4.0,,15,29,15,2025-05-11 23:43:57.999999
,,,3.0,3.0,,,,2.0,,,,,1.0,4.0,,15,29,15,2025-05-11 23:43:58.999999
,,,3.0,3.0,,,,2.0,,,3.0,2.0,1.0,4.0,,15,29,83,2025-05-11 23:43:59.999999
,,,3.0,3.0,,,,2.0,,,3.0,2.0,1.0,4.0,,15,29,83,2025-05-11 23:44:00.999999
,,,3.0,3.0,,,,2.0,,,3.0,2.0,1.0,4.0,,15,19,83,2025-05-11 23:44:01.999999
,,,3.0,3.0,,,,2.0,,,3.0,2.0,1.0,4.0,,38,19,83,2025-05-11 23:44:02.999999
,,,3.0,3.0,,,,,1.0,,3.0,2.0,,4.0,,38,19,83,2025-05-11 23:44:03.999999
,,,3.0,,,,,,1.0,,3.0,2.0,,,,38,19,51,2025-05-11 23:44:04.999999
,,,3.0,,,,,,1.0,,3.0,2.0,,,,38,19,22,2025-05-11 23:44:05.999999
,,,3.0,8.0,,,,,1.0,,1.0,,,,,38,74,22,2025-05-11 23:44:06.999999
,,,3.0,8.0,,,,,1.0,,1.0,,,,,38,74,22,2025-05-11 23:44:07.999999
,,,3.0,8.0,,,,,1.0,,1.0,,,,,38,74,22,2025-05-11 23:44:08.999999
,,,3.0,3.0,,,,,1.0,,1.0,,,,2.0,80,74,22,2025-05-11 23:44:09.999999
,,,3.0,3.0,,,,,,,,,,4.0,2.0,80,74,22,2025-05-11 23:44:10.999999
,1.0,,3.0,3.0,,,,,,,,,,4.0,2.0,80,74,22,2025-05-11 23:44:11.999999
,1.0,,1.0,,,,,,,,,,,4.0,2.0,80,74,56,2025-05-11 23:44:12.999999
,1.0,,1.0,,,,,2.0,,,,1.0,,3.0,2.0,80,79,56,2025-05-11 23:44:13.999999
,1.0,3.0,1.0,,,,4.0,2.0,,,,,,3.0,2.0,80,59,56,2025-05-11 23:44:14.999999
,1.0,3.0,1.0,,,,4.0,2.0,,,,,,3.0,2.0,80,59,56,2025-05-11 23:44:15.999999
,1.0,,1.0,,,,4.0,2.0,,,,,,3.0,1.0,18,59,56,2025-05-11 23:44:16.999999
,1.0,,1.0,,,,4.0,2.0,,,,,1.0,3.0,1.0,18,59,56,2025-05-11 23:44:17.999999
,,,1.0,,,,4.0,2.0,,,,,1.0,3.0,1.0,18,59,56,2025-05-11 23:44:18.999999
2.0,,,3.0,5.0,,,4.0,2.0,,,,,1.0,3.0,1.0,18,59,1,2025-05-11 23:44:19.999999
2.0,,,3.0,5.0,,,4.0,,,,,,1.0,4.0,1.0,18,59,1,2025-05-11 23:44:20.999999
2.0,,,3.0,5.0,,,,,,,,,1.0,4.0,1.0,18,29,1,2025-05-11 23:44:21.999999
2.0,,,3.0,2.0,,,,,,,,,1.0,,,18,29,1,2025-05-11 23:44:22.999999
2.0,,,3.0,2.0,,,,,,,,,1.0,,,23,29,1,2025-05-11 23:44:23.999999
2.0,,,3.0,2.0,,,,,,,,,2.0,,,23,29,1,2025-05-11 23:44:24.999999
,,,3.0,2.0,,,,,,,,,2.0,,,23,29,78,2025-05-11 23:44:25.999999
2.0,,,3.0,2.0,,,,,,,,,2.0,,,9,29,78,2025-05-11 23:44:26.999999
2.0,,,3.0,2.0,,,,,,,,,2.0,,,9,29,85,2025-05-11 23:44:27.999999
2.0,,,3.0,2.0,,,,,,,,2.0,2.0,,,9,96,85,2025-05-11 23:44:28.999999
2.0,,,3.0,,,,,,,,,2.0,2.0,,,9,96,85,2025-05-11 23:44:29.999999
2.0,,,3.0,,,,,,,,,2.0,2.0,,,9,96,27,2025-05-11 23:44:30.999999
2.0,,,3.0,,3.0,,,,,,,2.0,,,,9,96,27,2025-05-11 23:44:31.999999
2.0,,3.0,3.0,,3.0,,,,,,2.0,2.0,,,,9,96,27,2025-05-11 23:44:32.999999
2.0,,3.0,3.0,,3.0,,,,,,2.0,2.0,,,,29,96,27,2025-05-11 23:44:33.999999
2.0,,3.0,3.0,,3.0,,,,,,2.0,2.0,,,,29,96,27,2025-05-11 23:44:34.999999
2.0,,3.0,3.0,,3.0,,,,2.0,,2.0,4.0,,,,29,72,27,2025-05-11 23:44:35.999999
2.0,,3.0,3.0,3.0,3.0,,,,2.0,,2.0,,,,,29,72,27,2025-05-11 23:44:36.999999
2.0,,3.0,3.0,3.0,3.0,,,,2.0,,2.0,,,2.0,,29,72,37,2025-05-11 23:44:37.999999
2.0,,3.0,3.0,3.0,,,,,2.0,,2.0,,,2.0,,29,72,37,2025-05-11 23:44:38.999999
2.0,,1.0,3.0,3.0,,,,,2.0,2.0,,,,2.0,,29,72,37,2025-05-11 23:44:39.999999
,,1.0,3.0,8.0,,,,,2.0,2.0,,,,2.0,,12,72,37,2025-05-11 23:44:40.999999
,,,3.0,8.0,,,,,2.0,2.0,,,,2.0,,12,72,37,2025-05-11 23:44:41.999999
,1.0,,3.0,,,,,,2.0,,,,,2.0,,12,15,37,2025-05-11 23:44:42.999999
,1.0,,2.0,6.0,,,,,2.0,,,,,2.0,,12,94,37,2025-05-11 23:44:43.999999
,1.0,,2.0,3.0,,,,,2.0,,,,,,,12,94,37,2025-05-11 23:44:44.999999
,1.0,,2.0,3.0,,,,,2.0,,,,,,,12,35,37,2025-05-11 23:44:45.999999
,1.0,,2.0,3.0,,,,,,,,,,,,12,24,37,2025-05-11 23:44:46.999999
,1.0,,2.0,3.0,,1.0,,,,,,,,,,90,24,37,2025-05-11 23:44:47.999999
,1.0,,2.0,3.0,,,,,,,,,,,,79,98,37,2025-05-11 23:44:48.999999
,1.0,,2.0,3.0,,,,,,,,,,,,79,98,37,2025-05-11 23:44:49.999999
,1.0,,3.0,3.0,,,,,,,,,,,,79,98,37,2025-05-11 23:44:50.999999
,1.0,,3.0,3.0,,,,,,,,,,,,79,86,47,2025-05-11 23:44:51.999999
,1.0,,3.0,3.0,,,,,,,,,,4.0,,39,86,47,2025-05-11 23:44:52.999999
,1.0,,3.0,3.0,,,,,,,,,,4.0,,39,86,47,2025-05-11 23:44:53.999999
,1.0,,3.0,3.0,,,,,,,,,,4.0,,39,86,47,2025-05-11 23:44:54.999999
,1.0,,3.0,3.0,,,,,,,,,,4.0,,39,86,47,2025-05-11 23:44:55.999999
,1.0,,3.0,3.0,,,,,,,,,,4.0,,39,50,47,2025-05-11 23:44:56.999999
,1.0,,3.0,1.0,,,,,,,,,,4.0,,39,50,47,2025-05-11 23:44:57.999999
,,,3.0,1.0,,,,,1.0,,,,,4.0,,39,50,49,2025-05-11 23:44:58.999999
,,,3.0,1.0,,,,,1.0,,,,,,,68,50,49,2025-05-11 23:44:59.999999
,,,3.0,1.0,,,,,1.0,,,,,,,68,50,49,2025-05-11 23:45:00.999999
,,,3.0,1.0,,,,,1.0,2.0,,,,,,68,50,49,2025-05-11 23:45:01.999999
,,2.0,2.0,1.0,,,,,1.0,2.0,,,,,,68,48,49,2025-05-11 23:45:02.999999
,,2.0,2.0,3.0,,,,2.0,1.0,2.0,,,2.0,,,68,48,49,2025-05-11 23:45:03.999999
,,2.0,2.0,5.0,,,,2.0,1.0,,,,2.0,,,68,48,49,2025-05-11 23:45:04.999999
,,2.0,2.0,5.0,,,,2.0,,,,,2.0,4.0,,68,48,96,2025-05-11 23:45:05.999999
,,2.0,2.0,5.0,,,,1.0,,,,,2.0,4.0,,68,48,96,2025-05-11 23:45:06.999999
,,2.0,2.0,5.0,,,,1.0,,2.0,1.0,,2.0,4.0,,68,48,96,2025-05-11 23:45:07.999999
,,2.0,2.0,5.0,,1.0,,1.0,,2.0,1.0,,2.0,4.0,,68,48,96,2025-05-11 23:45:08.999999
,,,2.0,5.0,,1.0,,1.0,,2.0,1.0,,2.0,4.0,,68,1,96,2025-05-11 23:45:09.999999
,,,2.0,5.0,,1.0,,1.0,,2.0,1.0,,2.0,,,68,1,96,2025-05-11 23:45:10.999999
,,,2.0,9.0,,1.0,,,,2.0,1.0,3.0,2.0,,,51,1,66,2025-05-11 23:45:11.999999
2.0,1.0,,2.0,9.0,,1.0,,,,2.0,1.0,3.0,2.0,,,51,1,66,2025-05-11 23:45:12.999999
2.0,1.0,,2.0,9.0,,1.0,,,,2.0,1.0,3.0,,,,51,32,66,2025-05-11 23:45:13.999999
,1.0,,2.0,9.0,,,,,,,2.0,3.0,,,,51,32,66,2025-05-11 23:45:14.999999
,1.0,,2.0,9.0,,,,,,,2.0,3.0,,,,51,32,66,2025-05-11 23:45:15.999999
,1.0,1.0,3.0,9.0,,,,,,,2.0,3.0,,,,51,32,66,2025-05-11 23:45:16.999999
,1.0,1.0,3.0,9.0,,,,,,,2.0,3.0,,,,51,32,66,2025-05-11 23:45:17.999999
,1.0,1.0,3.0,,,,,,4.0,,2.0,,,,,55,32,31,2025-05-11 23:45:18.999999
,1.0,,3.0,,,,,,4.0,,2.0,,,,,55,32,31,2025-05-11 23:45:19.999999
,1.0,3.0,3.0,,,,,,4.0,,2.0,,,,,55,69,31,2025-05-11 23:45:20.999999
,,3.0,3.0,,,1.0,,2.0,4.0,,2.0,,2.0,,2.0,55,31,31,2025-05-11 23:45:21.999999
,,3.0,3.0,,,1.0,,,4.0,,2.0,,2.0,,2.0,55,67,31,2025-05-11 23:45:22.999999
,,3.0,3.0,,,1.0,,2.0,4.0,,2.0,,2.0,,,55,67,31,2025-05-11 23:45:23.999999
,,3.0,3.0,,,1.0,,2.0,4.0,,2.0,,2.0,,,55,67,31,2025-05-11 23:45:24.999999
,,3.0,3.0,4.0,,1.0,,2.0,,,2.0,,2.0,,,70,67,14,2025-05-11 23:45:25.999999
,,3.0,3.0,4.0,,1.0,,2.0,2.0,,2.0,,2.0,,,70,67,14,2025-05-11 23:45:26.999999
,,,3.0,4.0,,1.0,,2.0,1.0,2.0,2.0,,2.0,3.0,,70,67,14,2025-05-11 23:45:27.999999
,1.0,,3.0,4.0,1.0,1.0,,2.0,1.0,2.0,2.0,,,3.0,,70,67,14,2025-05-11 23:45:28.999999
,1.0,,3.0,4.0,1.0,1.0,,1.0,1.0,2.0,2.0,,,3.0,,70,69,14,2025-05-11 23:45:29.999999
,1.0,,3.0,4.0,1.0,1.0,,1.0,1.0,2.0,4.0,,,3.0,,70,69,14,2025-05-11 23:45:30.999999
,1.0,,3.0,4.0,1.0,1.0,3.0,1.0,1.0,2.0,,,,3.0,,20,22,14,2025-05-11 23:45:31.999999
,1.0,,3.0,8.0,1.0,1.0,3.0,1.0,1.0,2.0,,,,3.0,,20,22,82,2025-05-11 23:45:32.999999
,,,3.0,8.0,1.0,1.0,3.0,1.0,1.0,2.0,,,,3.0,,20,22,82,2025-05-11 23:45:33.999999
,,,3.0,8.0,1.0,1.0,3.0,1.0,3.0,2.0,,,,,,20,22,82,2025-05-11 23:45:34.999999
,,,1.0,8.0,,,,1.0,3.0,2.0,,,,1.0,,20,22,48,2025-05-11 23:45:35.999999
,,,1.0,8.0,,,,,3.0,1.0,,,,1.0,,20,22,48,2025-05-11 23:45:36.999999
,,,1.0,6.0,,,,,3.0,1.0,,,,1.0,,20,22,48,2025-05-11 23:45:37.999999
,,,1.0,6.0,,,,,3.0,1.0,,,,1.0,,12,38,48,2025-05-11 23:45:38.999999
,,3.0,2.0,6.0,,,,,3.0,1.0,,,,1.0,,12,38,48,2025-05-11 23:45:39.999999
,1.0,3.0,2.0,6.0,,,,,3.0,1.0,,,,1.0,,12,38,69,2025-05-11 23:45:40.999999
3.0,1.0,3.0,2.0,6.0,,,,,3.0,1.0,,,,1.0,,12,38,69,2025-05-11 23:45:41.999999
3.0,1.0,,2.0,6.0,2.0,,,,3.0,,3.0,,1.0,,,12,38,69,2025-05-11 23:45:42.999999
,1.0,,2.0,6.0,2.0,,,,3.0,,3.0,,1.0,,,12,38,69,2025-05-11 23:45:43.999999
,1.0,,2.0,,2.0,,,,3.0,,3.0,,1.0,,,12,76,69,2025-05-11 23:45:44.999999
,1.0,,1.0,,2.0,,,,,,3.0,,1.0,,,48,76,69,2025-05-11 23:45:45.999999
,1.0,,1.0,,2.0,,,,,,,,,,,48,4,69,2025-05-11 23:45:46.999999
,,,1.0,,2.0,,,,,,,,,,,76,4,40,2025-05-11 23:45:47.999999
,,,1.0,,2.0,,1.0,,,,,,,,,76,4,40,2025-05-11 23:45:48.999999
,,3.0,1.0,2.0,,,3.0,2.0,,,,,,,,76,4,40,2025-05-11 23:45:49.999999
3.0,,3.0,1.0,4.0,,,3.0,2.0,,,,,,,,76,4,40,2025-05-11 23:45:50.999999
3.0,,3.0,1.0,4.0,,,3.0,2.0,,,,,,,1.0,76,4,40,2025-05-11 23:45:51.999999
3.0,,3.0,1.0,4.0,,,3.0,2.0,,,,,,,1.0,76,46,40,2025-05-11 23:45:52.999999
3.0,1.0,3.0,1.0,9.0,,1.0,3.0,2.0,,,,,,,1.0,76,46,40,2025-05-11 23:45:53.999999
3.0,1.0,3.0,1.0,9.0,,1.0,,2.0,,,,,,,1.0,20,46,36,2025-05-11 23:45:54.999999
3.0,,3.0,1.0,9.0,,1.0,,2.0,,,,,,,1.0,20,46,36,2025-05-11 23:45:55.999999
3.0,,,1.0,9.0,,1.0,,,,,,,1.0,,1.0,20,46,36,2025-05-11 23:45:56.999999
2.0,,,1.0,9.0,,1.0,2.0,,,,,,1.0,,2.0,20,46,36,2025-05-11 23:45:57.999999
2.0,,,1.0,9.0,,,2.0,,,,,,1.0,,2.0,20,46,36,2025-05-11 23:45:58.999999
,,,1.0,9.0,,,2.0,,2.0,,,,1.0,,2.0,20,87,22,2025-05-11 23:45:59.999999
,,,1.0,8.0,,,2.0,,2.0,,,,1.0,,2.0,20,87,22,2025-05-11 23:46:00.999999
,,,3.0,8.0,,,2.0,,2.0,,,,1.0,2.0,2.0,77,44,22,2025-05-11 23:46:01.999999
,1.0,,3.0,8.0,,,3.0,,2.0,,,,1.0,2.0,2.0,77,44,22,2025-05-11 23:46:02.999999
,1.0,,3.0,8.0,,,,,2.0,,,,1.0,2.0,2.0,77,44,26,2025-05-11 23:46:03.999999
,1.0,,3.0,8.0,,,,,2.0,,,,1.0,2.0,1.0,77,44,26,2025-05-11 23:46:04.999999
,1.0,,3.0,8.0,2.0,,,,2.0,,,,1.0,2.0,1.0,77,44,26,2025-05-11 23:46:05.999999
2.0,1.0,,3.0,8.0,2.0,,,,,,,,1.0,4.0,1.0,77,44,26,2025-05-11 23:46:06.999999
2.0,1.0,,3.0,8.0,2.0,,,,,,2.0,,1.0,4.0,1.0,77,44,26,2025-05-11 23:46:07.999999
2.0,1.0,,1.0,8.0,2.0,,,1.0,,,2.0,,1.0,4.0,1.0,24,98,26,2025-05-11 23:46:08.999999
2.0,,3.0,1.0,8.0,2.0,,,1.0,,,2.0,,1.0,4.0,1.0,24,98,26,2025-05-11 23:46:09.999999
2.0,,3.0,1.0,8.0,2.0,,3.0,1.0,,,2.0,,,4.0,,24,98,26,2025-05-11 23:46:10.999999
2.0,,3.0,1.0,8.0,2.0,,3.0,1.0,,,2.0,,,4.0,,24,98,26,2025-05-11 23:46:11.999999
2.0,,3.0,1.0,8.0,,,3.0,1.0,,,2.0,,,4.0,,24,98,26,2025-05-11 23:46:12.999999
2.0,,3.0,1.0,8.0,,,3.0,1.0,,,,,,4.0,,24,1,72,2025-05-11 23:46:13.999999
2.0,,3.0,1.0,,,,3.0,1.0,,,,,,4.0,,24,1,72,2025-05-11 23:46:14.999999
2.0,,3.0,2.0,,,1.0,3.0,1.0,,,,,,4.0,,44,1,72,2025-05-11 23:46:15.999999
,,2.0,2.0,,,1.0,3.0,1.0,,1.0,,,,4.0,,44,1,72,2025-05-11 23:46:16.999999
,,2.0,2.0,,,1.0,,1.0,,1.0,,,,4.0,,44,1,72,2025-05-11 23:46:17.999999
,,2.0,2.0,,,1.0,,1.0,,1.0,,,,4.0,,44,1,72,2025-05-11 23:46:18.999999
,,2.0,2.0,,,1.0,,1.0,,,,,,4.0,,44,1,72,2025-05-11 23:46:19.999999
,,2.0,2.0,,,1.0,,,3.0,,4.0,,,,,44,11,64,2025-05-11 23:46:20.999999
,,2.0,2.0,5.0,,,,,3.0,,4.0,,,,,44,11,86,2025-05-11 23:46:21.999999
,,2.0,2.0,5.0,,,,,3.0,,4.0,,,,,88,11,86,2025-05-11 23:46:22.999999
,,,2.0,5.0,,,,,3.0,,4.0,,,,,88,11,64,2025-05-11 23:46:23.999999
,,,2.0,5.0,,,,,,,4.0,,,,1.0,88,11,82,2025-05-11 23:46:24.999999
,,,2.0,5.0,,,,,1.0,,3.0,,,,1.0,88,11,82,2025-05-11 23:46:25.999999
,,,2.0,5.0,,,,,1.0,1.0,3.0,,,,1.0,88,11,82,2025-05-11 23:46:26.999999
,,,2.0,5.0,,1.0,,,1.0,1.0,3.0,,,,1.0,88,22,82,2025-05-11 23:46:27.999999
,,,2.0,,,1.0,,,1.0,1.0,3.0,1.0,,,1.0,88,22,82,2025-05-11 23:46:28.999999
,,,2.0,,,1.0,,,1.0,1.0,3.0,1.0,,,,26,22,82,2025-05-11 23:46:29.999999
,,,2.0,,,,,,1.0,1.0,3.0,1.0,,,,26,22,82,2025-05-11 23:46:30.999999
,,,2.0,,,,,,,1.0,3.0,1.0,,,,26,22,8,2025-05-11 23:46:31.999999
,,,2.0,,,,,,,1.0,3.0,1.0,,,,26,22,52,2025-05-11 23:46:32.999999
,,,2.0,,2.0,,,,3.0,2.0,3.0,1.0,,,,26,98,52,2025-05-11 23:46:33.999999
,,,1.0,,2.0,,,,3.0,2.0,3.0,1.0,,,,26,98,52,2025-05-11 23:46:34.999999
1.0,,,1.0,4.0,2.0,,,,3.0,2.0,3.0,,,,,26,90,52,2025-05-11 23:46:35.999999
1.0,,,1.0,4.0,2.0,,,,3.0,,3.0,,,,,38,90,52,2025-05-11 23:46:36.999999
3.0,,,1.0,4.0,2.0,,,,3.0,,3.0,,,,,38,90,52,2025-05-11 23:46:37.999999
3.0,,,1.0,4.0,2.0,,,,3.0,,4.0,,,,,38,90,52,2025-05-11 23:46:38.999999
3.0,,,1.0,4.0,2.0,,,,3.0,,4.0,,,,,38,90,93,2025-05-11 23:46:39.999999
3.0,1.0,,1.0,4.0,,,,,3.0,,4.0,2.0,,,,38,90,93,2025-05-11 23:46:40.999999
3.0,,,1.0,4.0,,,,,,,4.0,2.0,,,,38,90,93,2025-05-11 23:46:41.999999
3.0,,,1.0,1.0,,,,,,,,2.0,,,,50,99,93,2025-05-11 23:46:42.999999
3.0,1.0,,1.0,1.0,,,,1.0,,,,2.0,,,,50,99,93,2025-05-11 23:46:43.999999
,1.0,,1.0,1.0,,1.0,,1.0,,,,2.0,,,,50,99,93,2025-05-11 23:46:44.999999
,1.0,1.0,1.0,1.0,,1.0,,1.0,,1.0,,2.0,,,,50,99,93,2025-05-11 23:46:45.999999
,1.0,1.0,1.0,,,1.0,2.0,1.0,,1.0,,2.0,,,,50,99,67,2025-05-11 23:46:46.999999
,1.0,1.0,1.0,,,1.0,2.0,1.0,,1.0,,3.0,,,,50,99,91,2025-05-11 23:46:47.999999
,1.0,1.0,3.0,,,1.0,2.0,1.0,,1.0,,3.0,,,,50,99,12,2025-05-11 23:46:48.999999
,1.0,1.0,3.0,,,1.0,2.0,1.0,,1.0,,3.0,,,,44,38,12,2025-05-11 23:46:49.999999
,1.0,1.0,3.0,,2.0,1.0,2.0,,,1.0,,3.0,,,,44,38,12,2025-05-11 23:46:50.999999
,1.0,,3.0,,2.0,1.0,2.0,,1.0,,,3.0,,,,44,38,12,2025-05-11 23:46:51.999999
,1.0,,3.0,,2.0,1.0,2.0,,,,,3.0,,,,44,38,12,2025-05-11 23:46:52.999999
,1.0,,3.0,7.0,2.0,1.0,,,,,,3.0,,,,44,38,12,2025-05-11 23:46:53.999999
,1.0,,3.0,7.0,2.0,1.0,,,,,,3.0,,,2.0,44,38,12,2025-05-11 23:46:54.999999
,1.0,,1.0,7.0,2.0,1.0,,,,,,3.0,,,2.0,98,38,44,2025-05-11 23:46:55.999999
,1.0,,1.0,8.0,2.0,,,,3.0,,2.0,3.0,,,2.0,98,64,44,2025-05-11 23:46:56.999999
,1.0,,1.0,1.0,,,,,3.0,,,3.0,,,2.0,98,64,44,2025-05-11 23:46:57.999999
,1.0,,1.0,1.0,,,,,,1.0,,3.0,,,2.0,98,64,20,2025-05-11 23:46:58.999999
,1.0,3.0,1.0,1.0,,,,,,1.0,,3.0,2.0,,2.0,98,64,20,2025-05-11 23:46:59.999999
,1.0,3.0,1.0,1.0,,,,,2.0,1.0,,,2.0,,2.0,98,64,20,2025-05-11 23:47:00.999999
,1.0,3.0,1.0,1.0,,,,,2.0,,,,2.0,,2.0,98,64,20,2025-05-11 23:47:01.999999
,1.0,3.0,2.0,1.0,,,,,2.0,,,,2.0,,2.0,91,64,20,2025-05-11 23:47:02.999999
,,3.0,2.0,1.0,,1.0,,1.0,2.0,,,,2.0,,2.0,91,88,20,2025-05-11 23:47:03.999999
,,3.0,2.0,8.0,,1.0,,1.0,2.0,,,,2.0,,2.0,40,88,20,2025-05-11 23:47:04.999999
2.0,,3.0,2.0,8.0,,1.0,,1.0,2.0,,,,2.0,,2.0,40,88,74,2025-05-11 23:47:05.999999
2.0,,2.0,2.0,8.0,,1.0,,1.0,2.0,,,,1.0,,2.0,40,75,74,2025-05-11 23:47:06.999999
2.0,,2.0,2.0,8.0,,,,1.0,,,3.0,,1.0,,2.0,40,75,74,2025-05-11 23:47:07.999999
2.0,,2.0,2.0,8.0,,,,1.0,,,3.0,,1.0,,2.0,40,75,74,2025-05-11 23:47:08.999999
2.0,,2.0,1.0,8.0,,,,1.0,,,3.0,,1.0,,2.0,40,75,74,2025-05-11 23:47:09.999999
2.0,,2.0,1.0,8.0,,,,,,,3.0,,1.0,,2.0,40,75,74,2025-05-11 23:47:10.999999
2.0,,,2.0,4.0,,,,,,,3.0,,1.0,1.0,2.0,39,75,74,2025-05-11 23:47:11.999999
,1.0,,2.0,4.0,,,,,,,3.0,,1.0,1.0,2.0,39,75,6,2025-05-11 23:47:12.999999
,1.0,,2.0,4.0,,,,,,,3.0,,,1.0,2.0,39,90,6,2025-05-11 23:47:13.999999
,1.0,,2.0,2.0,,1.0,,,,,,,,1.0,1.0,39,90,6,2025-05-11 23:47:14.999999
,1.0,,2.0,2.0,,1.0,,,,,,,,1.0,1.0,39,90,6,2025-05-11 23:47:15.999999
1.0,1.0,,2.0,2.0,,1.0,,,,,,,,,1.0,39,90,10,2025-05-11 23:47:16.999999
1.0,1.0,,2.0,2.0,3.0,1.0,,,,,,,,,1.0,39,90,10,2025-05-11 23:47:17.999999
1.0,1.0,,2.0,2.0,3.0,1.0,,,,,,,,,1.0,77,90,10,2025-05-11 23:47:18.999999
1.0,1.0,,1.0,2.0,3.0,1.0,,,,,,,,,2.0,77,90,10,2025-05-11 23:47:19.999999
1.0,1.0,,1.0,2.0,3.0,1.0,,,,,,,,,2.0,77,60,10,2025-05-11 23:47:20.999999
1.0,1.0,,1.0,6.0,3.0,,,,,,,,,,2.0,77,60,10,2025-05-11 23:47:21.999999
1.0,1.0,,1.0,6.0,3.0,,,,,1.0,,,,,2.0,77,60,10,2025-05-11 23:47:22.999999
,1.0,,1.0,6.0,3.0,,,,,1.0,,,,,2.0,77,60,50,2025-05-11 23:47:23.999999
,1.0,2.0,1.0,6.0,,,,,,1.0,3.0,,,,2.0,77,60,69,2025-05-11 23:47:24.999999
,1.0,2.0,1.0,6.0,,,,,,1.0,3.0,,,,2.0,81,60,69,2025-05-11 23:47:25.999999
,,2.0,1.0,6.0,,,,,,,,,2.0,,,81,60,69,2025-05-11 23:47:26.999999
,,,1.0,6.0,,,2.0,,,,,,2.0,,,33,58,69,2025-05-11 23:47:27.999999
,,,1.0,8.0,,,,,,,,,2.0,,1.0,33,58,69,2025-05-11 23:47:28.999999
,,,1.0,8.0,,,,,,,,,2.0,,1.0,33,58,69,2025-05-11 23:47:29.999999
,,,1.0,8.0,,,,,,,,,2.0,,1.0,33,58,69,2025-05-11 23:47:30.999999
,,,1.0,8.0,,,,,,,,,2.0,,1.0,33,58,43,2025-05-11 23:47:31.999999
,,,1.0,8.0,,,,,,,,,2.0,,1.0,46,58,43,2025-05-11 23:47:32.999999
,,,3.0,8.0,,,,,,,,,,,1.0,46,58,43,2025-05-11 23:47:33.999999
,,,3.0,8.0,,,,,,,,,,,1.0,46,57,43,2025-05-11 23:47:34.999999
,,,3.0,,,,4.0,,,2.0,,,,,,46,57,38,2025-05-11 23:47:35.999999
,,,3.0,,,,4.0,,,2.0,,,,,,46,57,38,2025-05-11 23:47:36.999999
,,,3.0,,,,4.0,,,2.0,,,,,,32,57,38,2025-05-11 23:47:37.999999
,,,3.0,,,,2.0,,,2.0,,,,,,32,7,38,2025-05-11 23:47:38.999999
,,,1.0,,,,2.0,,,2.0,,,,,,32,84,38,2025-05-11 23:47:39.999999
,,,1.0,,,,2.0,,,2.0,,,2.0,,,32,84,38,2025-05-11 23:47:40.999999
,1.0,,1.0,,,,2.0,,,2.0,,,2.0,,,32,84,38,2025-05-11 23:47:41.999999
,1.0,,1.0,3.0,,1.0,2.0,,,1.0,,3.0,2.0,,,32,84,12,2025-05-11 23:47:42.999999
,,,1.0,3.0,,,2.0,,,1.0,,3.0,2.0,,,32,84,12,2025-05-11 23:47:43.999999
,,,1.0,3.0,,1.0,2.0,,,1.0,,3.0,2.0,,,22,84,12,2025-05-11 23:47:44.999999
,,,1.0,3.0,,1.0,,,,1.0,,1.0,2.0,,,22,71,58,2025-05-11 23:47:45.999999
,,,1.0,3.0,,1.0,,,,1.0,,1.0,,,,22,71,58,2025-05-11 23:47:46.999999
,,,1.0,3.0,,1.0,,,,1.0,,1.0,,,,22,71,58,2025-05-11 23:47:47.999999
,,,1.0,3.0,,1.0,,,1.0,1.0,,1.0,,,,22,71,58,2025-05-11 23:47:48.999999
,1.0,,1.0,,,1.0,,,1.0,,,1.0,,,,22,71,58,2025-05-11 23:47:49.999999
,1.0,,1.0,,,1.0,,,1.0,,,1.0,,,,22,71,58,2025-05-11 23:47:50.999999
,1.0,,1.0,,,,,,1.0,,3.0,1.0,,,,86,71,58,2025-05-11 23:47:51.999999
,1.0,,1.0,,,,,,1.0,1.0,3.0,,,4.0,,86,74,13,2025-05-11 23:47:52.999999
,1.0,,3.0,,,,,,1.0,1.0,3.0,,,4.0,,86,74,13,2025-05-11 23:47:53.999999
,1.0,,3.0,,,,4.0,,1.0,1.0,3.0,,,,,86,74,13,2025-05-11 23:47:54.999999
,1.0,1.0,3.0,5.0,,,4.0,,,1.0,3.0,,,,,86,74,74,2025-05-11 23:47:55.999999
,,1.0,3.0,5.0,,,4.0,,,1.0,3.0,,,,,86,10,74,2025-05-11 23:47:56.999999
,,1.0,3.0,5.0,,,4.0,,,1.0,3.0,,,4.0,,86,10,74,2025-05-11 23:47:57.999999
,,1.0,3.0,4.0,,,4.0,,,1.0,2.0,,,4.0,,69,10,74,2025-05-11 23:47:58.999999
,,1.0,3.0,4.0,,,4.0,,,,4.0,,,4.0,,69,10,74,2025-05-11 23:47:59.999999
,,1.0,1.0,4.0,1.0,,4.0,,3.0,,4.0,,,4.0,,69,10,74,2025-05-11 23:48:00.999999
,,1.0,1.0,4.0,1.0,,1.0,1.0,3.0,,4.0,,,4.0,,69,10,74,2025-05-11 23:48:01.999999
,,1.0,1.0,4.0,1.0,,1.0,1.0,3.0,,4.0,,,4.0,,69,10,9,2025-05-11 23:48:02.999999
,1.0,,1.0,4.0,1.0,,1.0,1.0,3.0,,4.0,,,4.0,,69,51,9,2025-05-11 23:48:03.999999
,1.0,,1.0,4.0,1.0,,1.0,1.0,3.0,,4.0,4.0,,,,97,92,9,2025-05-11 23:48:04.999999
,,,1.0,6.0,1.0,,1.0,1.0,,,4.0,2.0,,,,97,92,9,2025-05-11 23:48:05.999999
,,,1.0,6.0,1.0,,1.0,1.0,,,1.0,2.0,,,,80,92,9,2025-05-11 23:48:06.999999
,,,1.0,9.0,2.0,,1.0,1.0,,,1.0,,,,,80,92,9,2025-05-11 23:48:07.999999
,,,2.0,9.0,2.0,,1.0,2.0,,,1.0,,,,,80,92,9,2025-05-11 23:48:08.999999
,,,2.0,9.0,2.0,,1.0,2.0,,,1.0,,,,,80,92,15,2025-05-11 23:48:09.999999
,,,2.0,3.0,2.0,,1.0,2.0,,,1.0,,,,,80,92,15,2025-05-11 23:48:10.999999
,,,2.0,3.0,2.0,,1.0,2.0,,,1.0,,,,,80,75,51,2025-05-11 23:48:11.999999
4.0,1.0,,1.0,3.0,2.0,,1.0,2.0,,,1.0,,,4.0,,40,75,51,2025-05-11 23:48:12.999999
4.0,1.0,,1.0,3.0,2.0,,1.0,,,,,,,4.0,,91,75,75,2025-05-11 23:48:13.999999
,1.0,,1.0,5.0,,,1.0,,,,1.0,,,4.0,,91,66,75,2025-05-11 23:48:14.999999
,1.0,,1.0,5.0,,,1.0,,,,1.0,,,4.0,,91,66,75,2025-05-11 23:48:15.999999
,1.0,3.0,1.0,5.0,,1.0,1.0,,,,1.0,,,,,91,66,75,2025-05-11 23:48:16.999999
,1.0,3.0,1.0,5.0,,,1.0,,,,1.0,,,,,91,66,75,2025-05-11 23:48:17.999999
,,3.0,1.0,5.0,,,1.0,,,1.0,,,,,,91,66,75,2025-05-11 23:48:18.999999
,,3.0,3.0,5.0,,,,,,1.0,,,,,,91,66,75,2025-05-11 23:48:19.999999
,,3.0,3.0,5.0,,,,,,1.0,,,2.0,,2.0,4,66,7,2025-05-11 23:48:20.999999
2.0,,3.0,3.0,1.0,,1.0,,,2.0,1.0,,,2.0,,2.0,4,27,7,2025-05-11 23:48:21.999999
2.0,,,3.0,1.0,,1.0,,,2.0,1.0,,,2.0,,2.0,4,27,7,2025-05-11 23:48:22.999999
2.0,,,3.0,1.0,,1.0,,,2.0,1.0,,,2.0,,2.0,4,32,7,2025-05-11 23:48:23.999999
2.0,,,3.0,1.0,,1.0,,,2.0,1.0,,,,,2.0,4,32,7,2025-05-11 23:48:24.999999
2.0,,,3.0,1.0,,1.0,,,2.0,2.0,,,,,2.0,4,32,7,2025-05-11 23:48:25.999999
2.0,,,2.0,1.0,,,,,,2.0,,,,,2.0,4,74,7,2025-05-11 23:48:26.999999
2.0,,,2.0,1.0,,,,,,2.0,,,,,,88,22,97,2025-05-11 23:48:27.999999
4.0,1.0,,2.0,,,,,,,2.0,,,,,,88,22,97,2025-05-11 23:48:28.999999
4.0,1.0,,2.0,,,,,,,,,,,,,88,22,26,2025-05-11 23:48:29.999999
4.0,1.0,,2.0,,,,,,4.0,,,,,,,88,22,26,2025-05-11 23:48:30.999999
4.0,1.0,,2.0,,,,,,4.0,,,4.0,,,,88,22,26,2025-05-11 23:48:31.999999
4.0,1.0,,2.0,,,,,,4.0,,,4.0,,,1.0,88,22,26,2025-05-11 23:48:32.999999
4.0,1.0,,1.0,,,,,,4.0,,,4.0,,,1.0,88,22,26,2025-05-11 23:48:33.999999
4.0,1.0,,2.0,,,,,,4.0,,,4.0,,3.0,1.0,31,49,26,2025-05-11 23:48:34.999999
3.0,,,2.0,4.0,4.0,,,,4.0,,,4.0,,3.0,1.0,31,49,26,2025-05-11 23:48:35.999999
3.0,,,,4.0,4.0,,,,4.0,,,4.0,,3.0,1.0,31,49,49,2025-05-11 23:48:36.999999
3.0,,,,4.0,,,,,,1.0,,4.0,,3.0,1.0,31,49,49,2025-05-11 23:48:37.999999
3.0,1.0,,,4.0,,,,,,1.0,,,,3.0,1.0,31,49,49,2025-05-11 23:48:38.999999
3.0,1.0,,,4.0,,,,,,1.0,,2.0,,3.0,2.0,31,49,49,2025-05-11 23:48:39.999999
,1.0,,,4.0,,,,,,1.0,,2.0,,3.0,2.0,31,63,49,2025-05-11 23:48:40.999999
,1.0,,,4.0,,,,,,1.0,,2.0,,1.0,2.0,6,63,49,2025-05-11 23:48:41.999999
,1.0,,,1.0,,1.0,,,,1.0,,2.0,,,2.0,6,63,49,2025-05-11 23:48:42.999999
,1.0,,3.0,1.0,,1.0,,,,1.0,,2.0,,,2.0,6,63,52,2025-05-11 23:48:43.999999
,1.0,,3.0,1.0,,1.0,,,,,,2.0,,,,6,63,52,2025-05-11 23:48:44.999999
,1.0,,3.0,1.0,,1.0,,,,,,2.0,,,,6,63,52,2025-05-11 23:48:45.999999
,1.0,,3.0,1.0,,1.0,,,,,,,,,,6,63,52,2025-05-11 23:48:46.999999
1.0,,,3.0,1.0,,1.0,,,,,,,,,,6,61,52,2025-05-11 23:48:47.999999
1.0,,,3.0,1.0,,1.0,,,,,,,,,,60,61,72,2025-05-11 23:48:48.999999
1.0,,,3.0,2.0,,,,2.0,,,,,,3.0,,60,61,72,2025-05-11 23:48:49.999999
1.0,,,2.0,2.0,,,,2.0,,,,,1.0,3.0,,31,61,72,2025-05-11 23:48:50.999999
1.0,,,3.0,2.0,,,,2.0,2.0,1.0,3.0,,1.0,3.0,2.0,31,47,52,2025-05-11 23:48:51.999999
1.0,,,3.0,1.0,,,,2.0,2.0,1.0,3.0,,1.0,3.0,2.0,31,47,52,2025-05-11 23:48:52.999999
1.0,,,3.0,1.0,,,1.0,1.0,2.0,1.0,3.0,4.0,1.0,3.0,2.0,31,47,52,2025-05-11 23:48:53.999999
,1.0,,3.0,1.0,,,1.0,1.0,2.0,1.0,3.0,4.0,1.0,3.0,2.0,78,47,52,2025-05-11 23:48:54.999999
,1.0,,3.0,1.0,,,1.0,1.0,2.0,1.0,3.0,4.0,1.0,3.0,2.0,78,47,83,2025-05-11 23:48:55.999999
,1.0,2.0,3.0,1.0,,,1.0,1.0,,1.0,3.0,4.0,1.0,,2.0,78,47,83,2025-05-11 23:48:56.999999
,1.0,2.0,3.0,1.0,,,1.0,1.0,,1.0,3.0,4.0,,,2.0,78,47,83,2025-05-11 23:48:57.999999
,1.0,2.0,3.0,1.0,,,1.0,1.0,,,,4.0,,,,78,19,83,2025-05-11 23:48:58.999999
,1.0,2.0,3.0,3.0,,,1.0,,,1.0,,,,,,78,19,83,2025-05-11 23:48:59.999999
,1.0,2.0,3.0,2.0,,,,,,1.0,,,,,,78,19,83,2025-05-11 23:49:00.999999
,,2.0,3.0,2.0,,,,,,1.0,,,,,,5,19,83,2025-05-11 23:49:01.999999
,,2.0,3.0,2.0,,,,,,1.0,,,,,,5,19,16,2025-05-11 23:49:02.999999
,,,3.0,2.0,,,,,,1.0,,,,,,5,19,16,2025-05-11 23:49:03.999999
,,,3.0,2.0,,,,,,1.0,,,,,,5,19,16,2025-05-11 23:49:04.999999
,1.0,,3.0,2.0,,,,,,1.0,,1.0,,1.0,,5,75,16,2025-05-11 23:49:05.999999
,1.0,,1.0,2.0,3.0,,,,,1.0,,1.0,,1.0,,5,75,16,2025-05-11 23:49:06.999999
,1.0,,1.0,4.0,3.0,,,,,1.0,,1.0,,1.0,1.0,5,75,16,2025-05-11 23:49:07.999999
2.0,1.0,,1.0,4.0,3.0,,,,,1.0,,1.0,,1.0,1.0,87,75,16,2025-05-11 23:49:08.999999
2.0,1.0,,1.0,4.0,3.0,1.0,,,,1.0,,,,1.0,1.0,87,69,71,2025-05-11 23:49:09.999999
2.0,1.0,,1.0,4.0,3.0,1.0,,,1.0,1.0,,,,1.0,1.0,29,69,71,2025-05-11 23:49:10.999999
2.0,1.0,,1.0,4.0,3.0,1.0,,,1.0,1.0,,,,1.0,1.0,29,69,69,2025-05-11 23:49:11.999999
2.0,,,1.0,4.0,3.0,1.0,,,1.0,1.0,,,,,1.0,29,69,69,2025-05-11 23:49:12.999999
2.0,,,1.0,4.0,3.0,1.0,,,1.0,,,,1.0,,1.0,29,69,69,2025-05-11 23:49:13.999999
2.0,,,1.0,3.0,3.0,1.0,2.0,,1.0,,,,1.0,,,29,69,69,2025-05-11 23:49:14.999999
,,,1.0,3.0,3.0,1.0,2.0,,1.0,,,,1.0,,,29,69,69,2025-05-11 23:49:15.999999
,,,1.0,3.0,3.0,,2.0,,1.0,,,3.0,1.0,,,29,44,69,2025-05-11 23:49:16.999999
,,,1.0,3.0,3.0,,2.0,,,,,3.0,1.0,,,83,44,69,2025-05-11 23:49:17.999999
,,,3.0,3.0,3.0,,2.0,1.0,,,,3.0,1.0,2.0,,83,44,75,2025-05-11 23:49:18.999999
,,,3.0,3.0,3.0,,2.0,1.0,,,,3.0,1.0,2.0,,83,44,75,2025-05-11 23:49:19.999999
,,,3.0,3.0,4.0,,2.0,1.0,,,,3.0,,2.0,,83,44,75,2025-05-11 23:49:20.999999
,,,3.0,9.0,4.0,,,1.0,,,,3.0,,2.0,1.0,83,44,75,2025-05-11 23:49:21.999999
3.0,,1.0,3.0,9.0,4.0,,,1.0,,1.0,,3.0,,2.0,1.0,83,44,75,2025-05-11 23:49:22.999999
3.0,,1.0,3.0,9.0,4.0,,,1.0,,1.0,,,,2.0,1.0,83,17,75,2025-05-11 23:49:23.999999
3.0,,1.0,3.0,9.0,,,,,4.0,1.0,,,,2.0,1.0,8,17,75,2025-05-11 23:49:24.999999
3.0,,1.0,1.0,9.0,,,,,4.0,1.0,,,,,1.0,8,17,25,2025-05-11 23:49:25.999999
,,1.0,1.0,9.0,,,,,4.0,1.0,,,,,1.0,8,17,25,2025-05-11 23:49:26.999999
,,1.0,1.0,9.0,,,,,4.0,1.0,3.0,,,,1.0,8,17,25,2025-05-11 23:49:27.999999
,,1.0,1.0,4.0,,,,,4.0,1.0,3.0,,,,,8,17,25,2025-05-11 23:49:28.999999
,,1.0,1.0,4.0,,,,,4.0,,3.0,,,,,8,17,25,2025-05-11 23:49:29.999999
,,1.0,1.0,4.0,,,,,,,3.0,,,,,8,6,25,2025-05-11 23:49:30.999999
,,1.0,1.0,4.0,,,,1.0,,,3.0,,,,2.0,13,6,25,2025-05-11 23:49:31.999999
,1.0,1.0,1.0,4.0,,,,2.0,,,,,,,2.0,13,6,10,2025-05-11 23:49:32.999999
,1.0,1.0,1.0,4.0,,,,2.0,,,,,,,2.0,13,6,10,2025-05-11 23:49:33.999999
,,,1.0,4.0,,,,2.0,,,,,,,2.0,13,6,10,2025-05-11 23:49:34.999999
,1.0,,1.0,9.0,1.0,,,2.0,,,,,,,2.0,13,6,27,2025-05-11 23:49:35.999999
,1.0,,1.0,9.0,1.0,,,2.0,,,,,,,2.0,13,99,27,2025-05-11 23:49:36.999999
,1.0,,1.0,9.0,,,,2.0,4.0,,,,,,2.0,13,99,27,2025-05-11 23:49:37.999999
,1.0,,1.0,9.0,,,,2.0,4.0,,,,,,2.0,34,99,27,2025-05-11 23:49:38.999999
,1.0,2.0,3.0,9.0,,1.0,,,4.0,,,,,,2.0,34,99,27,2025-05-11 23:49:39.999999
,,2.0,3.0,9.0,,1.0,,,4.0,,,3.0,,,2.0,34,99,27,2025-05-11 23:49:40.999999
,,2.0,3.0,5.0,,1.0,,,4.0,,,3.0,,,2.0,34,99,27,2025-05-11 23:49:41.999999
,,,3.0,5.0,,1.0,,,4.0,,,3.0,,,2.0,34,99,94,2025-05-11 23:49:42.999999
,,,1.0,7.0,,1.0,,,4.0,2.0,,3.0,,,2.0,34,74,94,2025-05-11 23:49:43.999999
,,,1.0,7.0,,1.0,,,,2.0,,3.0,,,2.0,34,74,94,2025-05-11 23:49:44.999999
,,,1.0,7.0,,1.0,,,,2.0,,3.0,,,,69,74,94,2025-05-11 23:49:45.999999
,,,3.0,7.0,,1.0,,,,2.0,,3.0,,,,69,74,94,2025-05-11 23:49:46.999999
,,,3.0,7.0,,1.0,,,,2.0,,1.0,1.0,,,52,74,94,2025-05-11 23:49:47.999999
,,,3.0,7.0,,,,,,2.0,,1.0,1.0,,,52,74,94,2025-05-11 23:49:48.999999
,,,3.0,7.0,,,,,,2.0,,1.0,1.0,,,51,74,33,2025-05-11 23:49:49.999999
4.0,,,3.0,7.0,,,,,,1.0,,1.0,1.0,,,51,95,33,2025-05-11 23:49:50.999999
4.0,,,3.0,7.0,,,,,3.0,1.0,3.0,,1.0,,,74,95,33,2025-05-11 23:49:51.999999
4.0,,,3.0,7.0,,,,,3.0,1.0,3.0,,1.0,,,74,95,88,2025-05-11 23:49:52.999999
4.0,,,3.0,7.0,,,,,,1.0,3.0,,1.0,,,74,95,88,2025-05-11 23:49:53.999999
4.0,,,3.0,7.0,,,,,,1.0,3.0,,1.0,,,74,94,88,2025-05-11 23:49:54.999999
4.0,,,3.0,7.0,,,,,,1.0,3.0,,1.0,,,74,94,94,2025-05-11 23:49:55.999999
4.0,,,3.0,7.0,,,,,,1.0,3.0,,1.0,,,74,94,94,2025-05-11 23:49:56.999999
,,,3.0,6.0,,1.0,,,,,3.0,,1.0,,,74,94,94,2025-05-11 23:49:57.999999
,,,3.0,6.0,,,,,,,,,1.0,,,34,94,94,2025-05-11 23:49:58.999999
,,,3.0,6.0,,,,,,,,,1.0,,,34,94,94,2025-05-11 23:49:59.999999
,,,1.0,6.0,,1.0,,2.0,,,,,1.0,,,34,12,94,2025-05-11 23:50:00.999999
,,,1.0,6.0,,1.0,,2.0,,,,,,,,34,12,94,2025-05-11 23:50:01.999999
,,,1.0,6.0,,1.0,,2.0,,,2.0,,,,,54,12,50,2025-05-11 23:50:02.999999
,,,1.0,6.0,,1.0,,2.0,,,2.0,,,,,54,12,50,2025-05-11 23:50:03.999999
,1.0,,1.0,9.0,,1.0,,,,2.0,2.0,,2.0,,,54,6,76,2025-05-11 23:50:04.999999
,1.0,,2.0,9.0,,1.0,,,,2.0,2.0,,,,,54,44,76,2025-05-11 23:50:05.999999
,,,2.0,9.0,,1.0,,,,2.0,2.0,,,,,80,44,76,2025-05-11 23:50:06.999999
,,,2.0,9.0,,,,,,2.0,2.0,,,,,80,44,76,2025-05-11 23:50:07.999999
,,,2.0,9.0,,,,,,2.0,2.0,,,,,80,44,76,2025-05-11 23:50:08.999999
,,,2.0,9.0,,,,,,2.0,,,,,,80,44,76,2025-05-11 23:50:09.999999
,,,2.0,9.0,4.0,1.0,,,,2.0,,,,,,80,44,60,2025-05-11 23:50:10.999999
,,,2.0,4.0,4.0,1.0,,,,2.0,,,,,,80,25,60,2025-05-11 23:50:11.999999
,,,1.0,4.0,4.0,1.0,,,,2.0,,,2.0,,,80,25,44,2025-05-11 23:50:12.999999
,,,1.0,4.0,4.0,1.0,,,,2.0,,,2.0,,,99,67,44,2025-05-11 23:50:13.999999
,,,1.0,4.0,4.0,1.0,,,,2.0,,,2.0,,,99,67,44,2025-05-11 23:50:14.999999
,,,1.0,4.0,4.0,1.0,,,2.0,,,4.0,2.0,,,99,67,44,2025-05-11 23:50:15.999999
,,,1.0,4.0,4.0,1.0,,,2.0,,,1.0,2.0,,,99,67,44,2025-05-11 23:50:16.999999
,,,,4.0,1.0,,,,2.0,,,1.0,2.0,,,99,67,44,2025-05-11 23:50:17.999999
,,,,5.0,1.0,,,2.0,2.0,,,1.0,2.0,,,99,67,44,2025-05-11 23:50:18.999999
,,,,5.0,1.0,,,2.0,2.0,,,1.0,1.0,,,99,42,21,2025-05-11 23:50:19.999999
4.0,,,,,1.0,,,2.0,2.0,,,1.0,,,,52,42,21,2025-05-11 23:50:20.999999
4.0,,,,,1.0,,,2.0,2.0,,,,,,,52,42,21,2025-05-11 23:50:21.999999
4.0,,,,,1.0,,,2.0,2.0,,,,,,,52,42,21,2025-05-11 23:50:22.999999
4.0,,,,4.0,1.0,,,2.0,2.0,,,,,,,52,42,21,2025-05-11 23:50:23.999999
4.0,,,2.0,4.0,,,,2.0,2.0,,,,,,,52,42,21,2025-05-11 23:50:24.999999
,,3.0,2.0,4.0,,,,,2.0,,,,,,,52,42,58,2025-05-11 23:50:25.999999
,,3.0,2.0,4.0,,,,,2.0,,,,,,,52,82,58,2025-05-11 23:50:26.999999
1.0,,3.0,2.0,4.0,,,,,,,,,,,,47,82,58,2025-05-11 23:50:27.999999
1.0,,3.0,2.0,4.0,,,,,,,,,,,,47,97,58,2025-05-11 23:50:28.999999
1.0,,3.0,2.0,4.0,,,,,,,,,,,,47,97,58,2025-05-11 23:50:29.999999
1.0,,3.0,2.0,1.0,,,,,,,,,,,2.0,47,97,32,2025-05-11 23:50:30.999999
1.0,,3.0,3.0,1.0,,,,,,,,,,,2.0,47,97,32,2025-05-11 23:50:31.999999
1.0,,,3.0,1.0,,,,1.0,,,,,,3.0,2.0,84,97,32,2025-05-11 23:50:32.999999
1.0,,,3.0,1.0,2.0,,,1.0,1.0,,,,,3.0,2.0,84,97,32,2025-05-11 23:50:33.999999
2.0,,,3.0,1.0,2.0,,,1.0,1.0,,,,,3.0,,84,95,32,2025-05-11 23:50:34.999999
2.0,,,3.0,1.0,2.0,,,1.0,1.0,,,,,3.0,,84,95,32,2025-05-11 23:50:35.999999
2.0,,,3.0,1.0,2.0,,,1.0,1.0,,,,,4.0,,84,95,32,2025-05-11 23:50:36.999999
2.0,,,3.0,7.0,2.0,,,1.0,1.0,,,,2.0,4.0,,84,95,45,2025-05-11 23:50:37.999999
2.0,,,2.0,7.0,2.0,,,,,,,,2.0,4.0,,84,82,45,2025-05-11 23:50:38.999999
2.0,,,2.0,7.0,2.0,,,,,,,,2.0,4.0,2.0,87,82,45,2025-05-11 23:50:39.999999
2.0,,,2.0,7.0,,1.0,,,,,,,2.0,4.0,2.0,87,82,45,2025-05-11 23:50:40.999999
,,2.0,2.0,7.0,,1.0,,,,,,,2.0,4.0,1.0,87,82,45,2025-05-11 23:50:41.999999
,,2.0,2.0,7.0,,1.0,,,,,4.0,,2.0,4.0,1.0,87,82,45,2025-05-11 23:50:42.999999
,,2.0,2.0,7.0,,1.0,,,,,4.0,,2.0,,1.0,87,82,45,2025-05-11 23:50:43.999999
,,2.0,2.0,7.0,,1.0,,,,,4.0,,,,1.0,87,53,75,2025-05-11 23:50:44.999999
,,2.0,3.0,7.0,,1.0,4.0,,3.0,,4.0,,,,1.0,87,53,75,2025-05-11 23:50:45.999999
3.0,,2.0,3.0,7.0,,1.0,4.0,,3.0,2.0,4.0,,,,1.0,60,53,75,2025-05-11 23:50:46.999999
3.0,,2.0,3.0,7.0,,,4.0,,3.0,2.0,3.0,,,,1.0,60,53,75,2025-05-11 23:50:47.999999
3.0,,,3.0,7.0,,,4.0,,3.0,2.0,3.0,,,,2.0,60,53,75,2025-05-11 23:50:48.999999
,,,3.0,7.0,,,4.0,,3.0,2.0,3.0,,,,2.0,60,53,75,2025-05-11 23:50:49.999999
,,,3.0,2.0,,,4.0,,,2.0,3.0,,,,2.0,60,67,75,2025-05-11 23:50:50.999999
,1.0,,3.0,2.0,,,4.0,,,2.0,3.0,,,,2.0,60,19,57,2025-05-11 23:50:51.999999
,,,3.0,2.0,,,,,,2.0,3.0,,,,2.0,60,19,57,2025-05-11 23:50:52.999999
,,,3.0,2.0,,,,,,2.0,3.0,,,,2.0,92,26,57,2025-05-11 23:50:53.999999
,,,3.0,2.0,,1.0,,,,1.0,3.0,,,,2.0,92,26,57,2025-05-11 23:50:54.999999
,,1.0,3.0,2.0,,1.0,,,,1.0,3.0,,,,,92,26,57,2025-05-11 23:50:55.999999
,,,3.0,2.0,,1.0,,,,1.0,3.0,,,,,92,26,57,2025-05-11 23:50:56.999999
,,,3.0,5.0,,1.0,,,,1.0,3.0,,,4.0,,92,26,57,2025-05-11 23:50:57.999999
,,,3.0,4.0,,1.0,,,,1.0,3.0,,,4.0,,92,26,23,2025-05-11 23:50:58.999999
,,,1.0,4.0,,1.0,,,,1.0,3.0,,,4.0,,92,26,23,2025-05-11 23:50:59.999999
,,,1.0,4.0,3.0,1.0,,2.0,,1.0,3.0,,,4.0,,89,54,23,2025-05-11 23:51:00.999999
,,,1.0,4.0,3.0,,,2.0,,2.0,,,,4.0,,89,54,23,2025-05-11 23:51:01.999999
,,,1.0,4.0,3.0,,,2.0,,2.0,,,,4.0,2.0,89,54,23,2025-05-11 23:51:02.999999
1.0,,,1.0,4.0,3.0,,,2.0,,2.0,,3.0,,4.0,2.0,89,54,23,2025-05-11 23:51:03.999999
1.0,,,1.0,4.0,3.0,,,2.0,,,,3.0,,,2.0,89,54,23,2025-05-11 23:51:04.999999
1.0,,3.0,1.0,6.0,3.0,,,,,,,3.0,,,2.0,89,54,14,2025-05-11 23:51:05.999999
1.0,,3.0,1.0,6.0,3.0,,,,,,,3.0,,,2.0,89,54,14,2025-05-11 23:51:06.999999
1.0,,3.0,1.0,6.0,4.0,,,,,,,3.0,1.0,,2.0,95,10,14,2025-05-11 23:51:07.999999
1.0,,3.0,1.0,6.0,4.0,,,,,,4.0,3.0,1.0,,2.0,95,10,14,2025-05-11 23:51:08.999999
1.0,,3.0,1.0,6.0,4.0,,,,,1.0,4.0,3.0,1.0,,,95,10,14,2025-05-11 23:51:09.999999
,,3.0,1.0,3.0,4.0,,,,4.0,1.0,4.0,1.0,1.0,,,95,10,14,2025-05-11 23:51:10.999999
,1.0,3.0,1.0,3.0,4.0,,,,4.0,1.0,4.0,,1.0,,,95,10,14,2025-05-11 23:51:11.999999
,1.0,2.0,1.0,3.0,4.0,,,,3.0,1.0,4.0,,1.0,,,95,21,63,2025-05-11 23:51:12.999999
,1.0,2.0,1.0,4.0,4.0,,,,3.0,1.0,4.0,,1.0,,,95,21,63,2025-05-11 23:51:13.999999
2.0,1.0,2.0,1.0,4.0,,,,,,,4.0,,,,,95,54,63,2025-05-11 23:51:14.999999
2.0,1.0,2.0,1.0,4.0,,,,,,,,,,,,97,54,63,2025-05-11 23:51:15.999999
2.0,1.0,2.0,1.0,4.0,,,,,,,,,,,,97,54,36,2025-05-11 23:51:16.999999
2.0,1.0,2.0,1.0,4.0,,,,,,,,3.0,,,,97,27,36,2025-05-11 23:51:17.999999
2.0,,2.0,1.0,4.0,,,,,,,,3.0,,,2.0,97,59,60,2025-05-11 23:51:18.999999
3.0,,,3.0,4.0,,,,,,,,3.0,,,2.0,97,8,60,2025-05-11 23:51:19.999999
3.0,,,3.0,,,,,,,,,3.0,,,2.0,97,8,60,2025-05-11 23:51:20.999999
3.0,,,3.0,,,,,,,2.0,,,,,2.0,97,8,60,2025-05-11 23:51:21.999999
3.0,,,3.0,,,,,,,2.0,,,1.0,,2.0,65,8,60,2025-05-11 23:51:22.999999
3.0,,,3.0,,,,,1.0,,2.0,,,1.0,,2.0,65,71,60,2025-05-11 23:51:23.999999
3.0,,,3.0,,,,,1.0,,2.0,,,,,2.0,65,71,60,2025-05-11 23:51:24.999999
3.0,,,3.0,,,,,1.0,,2.0,,,,,,65,71,78,2025-05-11 23:51:25.999999
4.0,,,3.0,,,,2.0,1.0,,2.0,,,,,,62,71,78,2025-05-11 23:51:26.999999
4.0,1.0,,3.0,8.0,,,2.0,1.0,,2.0,,,,,,62,60,77,2025-05-11 23:51:27.999999
,1.0,,3.0,8.0,1.0,,2.0,1.0,,,,3.0,,,,62,60,94,2025-05-11 23:51:28.999999
,1.0,,3.0,8.0,1.0,,2.0,1.0,,1.0,,3.0,,,,62,60,94,2025-05-11 23:51:29.999999
,,,3.0,8.0,,,2.0,,,1.0,,3.0,,,,62,60,94,2025-05-11 23:51:30.999999
,,,3.0,8.0,,,2.0,,,1.0,,3.0,,,,62,60,94,2025-05-11 23:51:31.999999
,1.0,,3.0,8.0,,,2.0,,,1.0,,3.0,,,,62,60,94,2025-05-11 23:51:32.999999
,1.0,,3.0,7.0,,,1.0,,,1.0,,3.0,,,,81,60,94,2025-05-11 23:51:33.999999
,1.0,,,7.0,,,1.0,,,1.0,,,2.0,2.0,,81,31,94,2025-05-11 23:51:34.999999
,1.0,,,7.0,,,,,,1.0,,,2.0,2.0,,81,31,54,2025-05-11 23:51:35.999999
,1.0,,,1.0,,,,,,,,,2.0,2.0,,81,31,54,2025-05-11 23:51:36.999999
,1.0,,,6.0,,,,1.0,,,,,2.0,2.0,,81,31,54,2025-05-11 23:51:37.999999
,1.0,,,8.0,,,,,,,,,2.0,2.0,,81,31,54,2025-05-11 23:51:38.999999
,1.0,,,8.0,,,,,,,,,2.0,2.0,,81,31,54,2025-05-11 23:51:39.999999
,1.0,,,8.0,,,,,,,,,2.0,2.0,,22,70,54,2025-05-11 23:51:40.999999
,1.0,,1.0,8.0,,,,,,,,,,,,22,70,54,2025-05-11 23:51:41.999999
,1.0,2.0,1.0,8.0,,,,,1.0,,,,,,,22,70,72,2025-05-11 23:51:42.999999
,1.0,2.0,1.0,8.0,,,,,1.0,,,,,4.0,,22,70,72,2025-05-11 23:51:43.999999
,1.0,2.0,3.0,8.0,,,,,1.0,,,,,4.0,,22,70,72,2025-05-11 23:51:44.999999
,1.0,2.0,3.0,1.0,,,,,1.0,,,,,4.0,,22,83,72,2025-05-11 23:51:45.999999
,,2.0,3.0,1.0,,,,,1.0,,,,,4.0,,22,83,71,2025-05-11 23:51:46.999999
,,2.0,3.0,1.0,,,,,3.0,,,,1.0,4.0,,52,99,71,2025-05-11 23:51:47.999999
,,2.0,3.0,2.0,,,,,3.0,,,,1.0,4.0,,52,99,71,2025-05-11 23:51:48.999999
,,,3.0,2.0,,,,,3.0,,,1.0,1.0,4.0,,52,99,71,2025-05-11 23:51:49.999999
3.0,,2.0,3.0,5.0,,,,,3.0,,,1.0,1.0,,,52,99,71,2025-05-11 23:51:50.999999
3.0,,2.0,1.0,5.0,2.0,,,,3.0,,,1.0,1.0,,,52,99,71,2025-05-11 23:51:51.999999
3.0,,2.0,1.0,5.0,2.0,,,,3.0,,,1.0,1.0,,,52,99,71,2025-05-11 23:51:52.999999
3.0,,2.0,1.0,5.0,2.0,,,2.0,3.0,,,1.0,1.0,,,26,55,48,2025-05-11 23:51:53.999999
3.0,,2.0,1.0,2.0,2.0,,,2.0,1.0,,,1.0,2.0,,,26,55,48,2025-05-11 23:51:54.999999
3.0,,2.0,1.0,2.0,2.0,,,2.0,1.0,,,1.0,2.0,,,26,55,48,2025-05-11 23:51:55.999999
3.0,,2.0,1.0,2.0,2.0,,2.0,2.0,1.0,,,,2.0,,,26,55,48,2025-05-11 23:51:56.999999
,,3.0,1.0,2.0,2.0,,2.0,2.0,1.0,,,,2.0,,,26,55,48,2025-05-11 23:51:57.999999
,,3.0,1.0,2.0,,,2.0,2.0,,2.0,,,2.0,,,26,55,48,2025-05-11 23:51:58.999999
,,3.0,1.0,2.0,,,2.0,2.0,,2.0,,,2.0,,,26,55,48,2025-05-11 23:51:59.999999
,,3.0,1.0,2.0,,,2.0,2.0,,,,,2.0,,,62,15,58,2025-05-11 23:52:00.999999
,,3.0,1.0,3.0,,,2.0,2.0,,,,,,,,62,15,39,2025-05-11 23:52:01.999999
,,,1.0,3.0,,,2.0,2.0,,,,,,,,62,15,39,2025-05-11 23:52:02.999999
,,,1.0,3.0,,,,,,,4.0,,,,,62,68,39,2025-05-11 23:52:03.999999
,,1.0,1.0,3.0,,,,,,,,,1.0,1.0,,62,68,39,2025-05-11 23:52:04.999999
,,1.0,1.0,3.0,,1.0,,,,,2.0,,1.0,1.0,,62,68,39,2025-05-11 23:52:05.999999
,1.0,1.0,1.0,3.0,,1.0,,,,,2.0,,1.0,1.0,,62,68,39,2025-05-11 23:52:06.999999
,1.0,1.0,1.0,3.0,,1.0,,,,1.0,2.0,,1.0,1.0,,98,68,39,2025-05-11 23:52:07.999999
,1.0,1.0,1.0,4.0,,,,,,1.0,2.0,,1.0,1.0,,98,68,70,2025-05-11 23:52:08.999999
,1.0,1.0,1.0,4.0,,1.0,,,,1.0,2.0,,,1.0,,98,68,70,2025-05-11 23:52:09.999999
,1.0,1.0,2.0,4.0,,1.0,,,,1.0,2.0,,,1.0,,98,68,70,2025-05-11 23:52:10.999999
,1.0,3.0,2.0,4.0,,1.0,,,,1.0,2.0,,,,,98,68,70,2025-05-11 23:52:11.999999
,1.0,3.0,2.0,4.0,,1.0,,,,1.0,2.0,,,,,98,68,70,2025-05-11 23:52:12.999999
,,3.0,2.0,,,1.0,,,,,2.0,,,,,98,68,70,2025-05-11 23:52:13.999999
1.0,,3.0,2.0,,,,,,3.0,,2.0,,,,1.0,98,68,70,2025-05-11 23:52:14.999999
1.0,,3.0,2.0,,,1.0,,,3.0,,2.0,,,,1.0,98,68,14,2025-05-11 23:52:15.999999
1.0,,3.0,2.0,,,1.0,,,3.0,,2.0,,,,1.0,98,68,14,2025-05-11 23:52:16.999999
,,3.0,1.0,,,,,,3.0,,2.0,,,,1.0,98,25,14,2025-05-11 23:52:17.999999
,,3.0,1.0,,,,,,3.0,,2.0,,,,1.0,98,25,14,2025-05-11 23:52:18.999999
,,3.0,1.0,,,,,,3.0,,,,,,1.0,98,25,14,2025-05-11 23:52:19.999999
,,,1.0,5.0,,,,,3.0,,,,,,1.0,98,25,14,2025-05-11 23:52:20.999999
,,,1.0,5.0,,,,,1.0,,,2.0,,,,89,25,14,2025-05-11 23:52:21.999999
,,,1.0,5.0,,,,,1.0,,,2.0,,,,89,25,90,2025-05-11 23:52:22.999999
4.0,,,1.0,5.0,3.0,,,,1.0,,,2.0,,,,89,25,90,2025-05-11 23:52:23.999999
4.0,1.0,,1.0,5.0,3.0,,,,1.0,,,2.0,,,,24,92,90,2025-05-11 23:52:24.999999
4.0,1.0,2.0,1.0,5.0,3.0,,,,1.0,,,2.0,,,,24,92,90,2025-05-11 23:52:25.999999
4.0,1.0,2.0,1.0,3.0,3.0,,,,1.0,,,2.0,,,,24,92,90,2025-05-11 23:52:26.999999
4.0,1.0,,1.0,3.0,3.0,,,,1.0,,,2.0,,,,24,92,90,2025-05-11 23:52:27.999999
4.0,1.0,,1.0,3.0,3.0,,1.0,,3.0,,,,,,,24,92,51,2025-05-11 23:52:28.999999
,1.0,3.0,2.0,3.0,3.0,,1.0,,3.0,,,,,,,24,92,51,2025-05-11 23:52:29.999999
,1.0,3.0,2.0,3.0,,,,,,,,,,,,24,92,51,2025-05-11 23:52:30.999999
,1.0,3.0,2.0,3.0,,,,2.0,,,,,,,,31,5,51,2025-05-11 23:52:31.999999
,1.0,3.0,2.0,3.0,,,,2.0,,,,,,,,31,5,51,2025-05-11 23:52:32.999999
,1.0,3.0,2.0,5.0,,,,,,,,,,,,31,5,51,2025-05-11 23:52:33.999999
,1.0,3.0,2.0,5.0,,,,,,,,,,4.0,,31,5,51,2025-05-11 23:52:34.999999
,1.0,3.0,2.0,5.0,,,,,,,2.0,,,4.0,1.0,31,5,49,2025-05-11 23:52:35.999999
,1.0,2.0,,5.0,,,,,,,2.0,,,4.0,1.0,31,5,49,2025-05-11 23:52:36.999999
,1.0,2.0,,5.0,3.0,,,,,,2.0,,,4.0,1.0,31,5,49,2025-05-11 23:52:37.999999
4.0,1.0,2.0,,5.0,3.0,,,,,,2.0,,2.0,4.0,1.0,79,4,49,2025-05-11 23:52:38.999999
4.0,,2.0,,5.0,3.0,,,,,,2.0,,2.0,4.0,,79,4,49,2025-05-11 23:52:39.999999
4.0,,2.0,,5.0,3.0,,,,,,2.0,,2.0,1.0,,8,4,49,2025-05-11 23:52:40.999999
,,2.0,,5.0,3.0,,,,,,2.0,,2.0,,,8,4,49,2025-05-11 23:52:41.999999
,,2.0,,5.0,3.0,,,,4.0,,,1.0,2.0,,,8,4,8,2025-05-11 23:52:42.999999
,,3.0,2.0,5.0,3.0,,,,4.0,1.0,,1.0,2.0,,,8,4,19,2025-05-11 23:52:43.999999
,,3.0,2.0,5.0,,,,,4.0,1.0,,1.0,2.0,,2.0,8,4,19,2025-05-11 23:52:44.999999
,,3.0,2.0,9.0,,,,,4.0,1.0,,1.0,,,2.0,8,92,19,2025-05-11 23:52:45.999999
,,3.0,2.0,9.0,,1.0,,,4.0,1.0,,1.0,,,,8,92,19,2025-05-11 23:52:46.999999
,,3.0,2.0,9.0,,1.0,,,4.0,1.0,,1.0,,,,9,92,19,2025-05-11 23:52:47.999999
2.0,,3.0,2.0,9.0,2.0,1.0,,,,1.0,,1.0,,,,9,92,19,2025-05-11 23:52:48.999999
2.0,,3.0,2.0,9.0,2.0,1.0,1.0,,,1.0,,,,,,9,92,19,2025-05-11 23:52:49.999999
2.0,,,2.0,,2.0,1.0,1.0,,,2.0,,,,,,9,92,68,2025-05-11 23:52:50.999999
2.0,,,2.0,,2.0,1.0,1.0,,,2.0,,4.0,,,,9,92,68,2025-05-11 23:52:51.999999
2.0,,,2.0,,2.0,1.0,1.0,,,2.0,,4.0,,,,9,99,68,2025-05-11 23:52:52.999999
2.0,,,2.0,,2.0,,1.0,,,2.0,,4.0,,,,9,99,68,2025-05-11 23:52:53.999999
2.0,,,2.0,,2.0,,1.0,,,2.0,,4.0,,,,65,99,68,2025-05-11 23:52:54.999999
,,,2.0,8.0,,,1.0,,,2.0,,4.0,,,,65,99,68,2025-05-11 23:52:55.999999
,,,2.0,,,,,,,2.0,,4.0,,,,45,27,68,2025-05-11 23:52:56.999999
,,3.0,3.0,,,,,,,,,4.0,,,,45,27,62,2025-05-11 23:52:57.999999
,,3.0,3.0,,,,,,,,,,,,,45,27,81,2025-05-11 23:52:58.999999
,,3.0,3.0,,,,,,,,,,1.0,,,45,27,81,2025-05-11 23:52:59.999999
,,3.0,3.0,,,1.0,,1.0,,,,,1.0,,,45,27,81,2025-05-11 23:53:00.999999
,,3.0,3.0,,,1.0,,1.0,3.0,,,,1.0,,,45,27,81,2025-05-11 23:53:01.999999
,,3.0,3.0,,,1.0,,1.0,3.0,,,,1.0,,,45,27,81,2025-05-11 23:53:02.999999
,,3.0,3.0,,1.0,1.0,,1.0,,,,,1.0,,,5,44,33,2025-05-11 23:53:03.999999
,,,3.0,,,1.0,2.0,1.0,,,,,1.0,,,5,44,33,2025-05-11 23:53:04.999999
,,,3.0,6.0,,1.0,1.0,1.0,,,,,1.0,,,5,44,33,2025-05-11 23:53:05.999999
,,,3.0,6.0,,1.0,1.0,,,,,,2.0,,,5,44,33,2025-05-11 23:53:06.999999
,,,3.0,6.0,,,1.0,,,,,,2.0,,,5,44,33,2025-05-11 23:53:07.999999
,,,3.0,6.0,,,1.0,,,,,,2.0,,,5,44,33,2025-05-11 23:53:08.999999
,,,3.0,6.0,,,1.0,,,,,,2.0,,,4,44,33,2025-05-11 23:53:09.999999
,,,3.0,6.0,,,1.0,,,,,,,,,4,6,97,2025-05-11 23:53:10.999999
4.0,,,,1.0,,,1.0,,,,,,,,,4,6,97,2025-05-11 23:53:11.999999
4.0,,,,1.0,,,,,,,,,,,,4,6,97,2025-05-11 23:53:12.999999
4.0,,,,1.0,,,,,,2.0,,,,,,4,6,97,2025-05-11 23:53:13.999999
4.0,,,,9.0,,,,,,2.0,,,,,,4,6,97,2025-05-11 23:53:14.999999
4.0,,,,9.0,,,,,,2.0,4.0,,,,,4,6,15,2025-05-11 23:53:15.999999
2.0,,,,9.0,,,,,,2.0,4.0,,,,,36,97,15,2025-05-11 23:53:16.999999
2.0,,,,9.0,,,,,,2.0,4.0,,,,,36,97,29,2025-05-11 23:53:17.999999
2.0,,,1.0,9.0,,,,,,2.0,4.0,,,,,36,97,29,2025-05-11 23:53:18.999999
2.0,,,1.0,9.0,,1.0,,,,2.0,4.0,,,,,36,8,14,2025-05-11 23:53:19.999999
2.0,,,1.0,9.0,,1.0,3.0,1.0,,1.0,4.0,,,,,36,8,14,2025-05-11 23:53:20.999999
2.0,,,1.0,4.0,,1.0,3.0,1.0,,2.0,4.0,,,,1.0,36,49,14,2025-05-11 23:53:21.999999
2.0,,,1.0,4.0,,1.0,3.0,1.0,,2.0,4.0,3.0,,,1.0,36,49,14,2025-05-11 23:53:22.999999
2.0,,,1.0,4.0,,1.0,3.0,1.0,2.0,2.0,4.0,3.0,,,1.0,65,49,14,2025-05-11 23:53:23.999999
2.0,,,1.0,4.0,,1.0,3.0,1.0,2.0,2.0,4.0,3.0,,,1.0,65,49,92,2025-05-11 23:53:24.999999
2.0,1.0,,2.0,4.0,,1.0,3.0,2.0,2.0,2.0,3.0,3.0,,3.0,1.0,65,49,92,2025-05-11 23:53:25.999999
2.0,1.0,,3.0,4.0,,,3.0,2.0,2.0,2.0,3.0,3.0,2.0,3.0,1.0,65,49,92,2025-05-11 23:53:26.999999
2.0,1.0,,3.0,4.0,,,4.0,2.0,2.0,2.0,3.0,3.0,2.0,3.0,1.0,65,49,92,2025-05-11 23:53:27.999999
2.0,1.0,,3.0,7.0,,,4.0,1.0,2.0,,4.0,3.0,2.0,3.0,2.0,65,35,92,2025-05-11 23:53:28.999999
2.0,1.0,,3.0,7.0,,,4.0,1.0,2.0,,4.0,,2.0,2.0,2.0,65,35,92,2025-05-11 23:53:29.999999
,1.0,,1.0,7.0,,,4.0,1.0,1.0,,4.0,,2.0,2.0,2.0,9,35,92,2025-05-11 23:53:30.999999
,1.0,,1.0,7.0,,,4.0,1.0,1.0,,4.0,,2.0,2.0,,9,35,92,2025-05-11 23:53:31.999999
,,,1.0,7.0,,1.0,4.0,1.0,1.0,,4.0,,2.0,2.0,,9,35,92,2025-05-11 23:53:32.999999
,,,1.0,7.0,,1.0,4.0,1.0,1.0,,4.0,,1.0,2.0,,9,12,92,2025-05-11 23:53:33.999999
,,,1.0,7.0,,1.0,,1.0,1.0,,4.0,,1.0,2.0,,9,12,92,2025-05-11 23:53:34.999999
,,,1.0,,,1.0,,2.0,1.0,1.0,4.0,,1.0,2.0,,9,12,92,2025-05-11 23:53:35.999999
1.0,,,1.0,,,1.0,,2.0,1.0,1.0,4.0,,1.0,,,9,96,92,2025-05-11 23:53:36.999999
3.0,,,3.0,,,1.0,,2.0,,1.0,4.0,,1.0,,,99,96,92,2025-05-11 23:53:37.999999
3.0,,,3.0,,,1.0,,2.0,,1.0,4.0,,1.0,,,99,25,70,2025-05-11 23:53:38.999999
3.0,,,3.0,,,,,,,1.0,4.0,,1.0,,,99,25,70,2025-05-11 23:53:39.999999
3.0,,,3.0,,,,,,,1.0,4.0,,,,,99,25,70,2025-05-11 23:53:40.999999
3.0,,,3.0,,,,,,,1.0,4.0,,,,,99,25,70,2025-05-11 23:53:41.999999
3.0,,,3.0,5.0,,,,,,,,,,,,99,25,70,2025-05-11 23:53:42.999999
3.0,,,3.0,5.0,,,,,,,,,,,,99,25,70,2025-05-11 23:53:43.999999
,,,3.0,5.0,,,,,,2.0,,,,,,49,25,70,2025-05-11 23:53:44.999999
,,,3.0,5.0,,,,,,2.0,,,,,2.0,49,22,74,2025-05-11 23:53:45.999999
,,,3.0,5.0,,,,,,2.0,,,2.0,,2.0,37,22,74,2025-05-11 23:53:46.999999
,,,3.0,5.0,,,,,,2.0,,,2.0,,2.0,37,22,74,2025-05-11 23:53:47.999999
,,,3.0,5.0,,,,,,2.0,,,2.0,,2.0,37,22,74,2025-05-11 23:53:48.999999
,,,3.0,8.0,,,,,,2.0,,,1.0,,2.0,37,22,74,2025-05-11 23:53:49.999999
,,,3.0,8.0,,,,,,2.0,,,1.0,4.0,2.0,37,22,74,2025-05-11 23:53:50.999999
,,2.0,1.0,8.0,,,,,2.0,,,,1.0,4.0,2.0,37,22,74,2025-05-11 23:53:51.999999
,,2.0,1.0,8.0,,,,,2.0,,,,1.0,4.0,2.0,97,15,42,2025-05-11 23:53:52.999999
,,2.0,1.0,8.0,,,,,2.0,,,,1.0,4.0,2.0,75,15,42,2025-05-11 23:53:53.999999
,,2.0,1.0,8.0,,,,,2.0,,,,1.0,4.0,2.0,83,15,54,2025-05-11 23:53:54.999999
,,2.0,1.0,8.0,,,,,2.0,,,,1.0,4.0,2.0,83,15,27,2025-05-11 23:53:55.999999
2.0,,,1.0,8.0,,,,,2.0,,,,,4.0,2.0,83,15,27,2025-05-11 23:53:56.999999
2.0,,,2.0,8.0,3.0,,,,2.0,,,,,,2.0,83,58,27,2025-05-11 23:53:57.999999
2.0,,,2.0,8.0,3.0,,,,,2.0,,,,,2.0,83,88,27,2025-05-11 23:53:58.999999
,,,2.0,3.0,3.0,,,,,,,,,,,61,88,27,2025-05-11 23:53:59.999999
,,,2.0,3.0,3.0,1.0,,,,,,,,,,61,88,27,2025-05-11 23:54:00.999999
,,,2.0,3.0,3.0,,,,,,,,,,,61,88,27,2025-05-11 23:54:01.999999
,,,2.0,3.0,3.0,,,,,,,,,,1.0,61,88,82,2025-05-11 23:54:02.999999
,1.0,,2.0,3.0,3.0,,,,,,,3.0,,,1.0,61,88,82,2025-05-11 23:54:03.999999
,1.0,,3.0,3.0,,,,,,,,3.0,,4.0,1.0,61,88,93,2025-05-11 23:54:04.999999
,1.0,,1.0,3.0,,,,1.0,,,,3.0,,4.0,1.0,61,67,93,2025-05-11 23:54:05.999999
,1.0,,3.0,4.0,,,,1.0,,,,3.0,,4.0,1.0,32,67,88,2025-05-11 23:54:06.999999
,1.0,,3.0,4.0,,,,1.0,,,,3.0,,4.0,1.0,46,67,88,2025-05-11 23:54:07.999999
,1.0,,3.0,4.0,,,,1.0,,,,,,,1.0,46,67,47,2025-05-11 23:54:08.999999
,1.0,,3.0,4.0,,,,1.0,,,,,,3.0,2.0,46,67,47,2025-05-11 23:54:09.999999
,,,3.0,4.0,,,,1.0,,,,,,3.0,2.0,46,67,47,2025-05-11 23:54:10.999999
,1.0,,3.0,4.0,,,,1.0,,,,,,3.0,2.0,46,67,47,2025-05-11 23:54:11.999999
,1.0,,3.0,4.0,,,,,,,,,,,2.0,46,57,47,2025-05-11 23:54:12.999999
,1.0,,1.0,3.0,,,,,,1.0,,,,,2.0,46,57,47,2025-05-11 23:54:13.999999
,1.0,,1.0,3.0,,,,,,,,,,,2.0,7,10,47,2025-05-11 23:54:14.999999
,1.0,,1.0,3.0,,,,,,,,,,,2.0,7,10,25,2025-05-11 23:54:15.999999
,1.0,,1.0,3.0,,,1.0,,,,,,,,,39,10,25,2025-05-11 23:54:16.999999
,1.0,,1.0,3.0,,,1.0,,4.0,,,,1.0,,,14,10,25,2025-05-11 23:54:17.999999
,,,3.0,3.0,,,1.0,,4.0,,,,1.0,,,87,10,25,2025-05-11 23:54:18.999999
,,,3.0,3.0,,1.0,1.0,,4.0,,,,1.0,,,87,10,25,2025-05-11 23:54:19.999999
,,,3.0,4.0,,,1.0,,4.0,,,,1.0,,,87,35,25,2025-05-11 23:54:20.999999
,,,3.0,4.0,,,1.0,,4.0,2.0,,,1.0,,,87,35,25,2025-05-11 23:54:21.999999
,,,3.0,4.0,4.0,,1.0,,4.0,2.0,,3.0,1.0,,,87,35,10,2025-05-11 23:54:22.999999
,,,1.0,4.0,4.0,,,,4.0,2.0,,3.0,1.0,,,2,35,10,2025-05-11 23:54:23.999999
,,,1.0,4.0,4.0,,,,,2.0,,3.0,2.0,,,2,35,10,2025-05-11 23:54:24.999999
1.0,,,1.0,4.0,4.0,,,,,2.0,,3.0,2.0,,,59,35,10,2025-05-11 23:54:25.999999
1.0,,,1.0,4.0,4.0,,,1.0,,2.0,,3.0,2.0,,,59,35,10,2025-05-11 23:54:26.999999
1.0,,,1.0,,4.0,,,1.0,,2.0,,3.0,2.0,,,59,90,10,2025-05-11 23:54:27.999999
1.0,,,1.0,,4.0,,,1.0,,,,3.0,2.0,,,59,90,10,2025-05-11 23:54:28.999999
1.0,,,1.0,,3.0,,,1.0,,,,,2.0,,,59,90,51,2025-05-11 23:54:29.999999
1.0,,,1.0,,3.0,,2.0,2.0,,,,,2.0,,,59,38,51,2025-05-11 23:54:30.999999
1.0,,,1.0,,3.0,,2.0,,,,,,,,,59,2,51,2025-05-11 23:54:31.999999
4.0,,,2.0,,3.0,,2.0,,,,,,,,2.0,52,2,51,2025-05-11 23:54:32.999999
4.0,,,2.0,,4.0,,4.0,2.0,,,,,,,,52,2,51,2025-05-11 23:54:33.999999
4.0,,,2.0,,4.0,,2.0,2.0,,,,,,,,52,2,51,2025-05-11 23:54:34.999999
4.0,,,2.0,,4.0,,2.0,1.0,,,,,,,2.0,52,2,51,2025-05-11 23:54:35.999999
4.0,,,2.0,,4.0,,2.0,1.0,,,2.0,,,,2.0,52,2,14,2025-05-11 23:54:36.999999
4.0,,,2.0,,4.0,,2.0,1.0,,,2.0,,,,2.0,52,2,14,2025-05-11 23:54:37.999999
4.0,,,2.0,,4.0,,2.0,1.0,,,2.0,,,,2.0,52,93,14,2025-05-11 23:54:38.999999
,,,3.0,,4.0,,2.0,1.0,,,2.0,,,,,21,93,14,2025-05-11 23:54:39.999999
,,,3.0,,2.0,,2.0,,,,2.0,,,,,21,93,14,2025-05-11 23:54:40.999999
,,,3.0,4.0,2.0,,,,,,2.0,,,,,21,93,94,2025-05-11 23:54:41.999999
,,,3.0,4.0,2.0,,,2.0,,,2.0,,,,,21,93,94,2025-05-11 23:54:42.999999
,,,3.0,4.0,2.0,,,2.0,,,,,,,,21,93,94,2025-05-11 23:54:43.999999
,1.0,,3.0,4.0,2.0,,,2.0,,,,,,,,21,17,94,2025-05-11 23:54:44.999999
,1.0,,3.0,4.0,2.0,,,2.0,,,,,,,,21,17,94,2025-05-11 23:54:45.999999
,1.0,,3.0,4.0,2.0,,,2.0,,,,4.0,,,1.0,55,17,94,2025-05-11 23:54:46.999999
,1.0,,3.0,4.0,,,,2.0,,,,4.0,,,1.0,40,17,94,2025-05-11 23:54:47.999999
,1.0,,1.0,6.0,,,,2.0,,,,4.0,,,1.0,40,31,57,2025-05-11 23:54:48.999999
,1.0,,2.0,6.0,,,,,,,,,,,1.0,40,31,57,2025-05-11 23:54:49.999999
1.0,1.0,,2.0,6.0,,,,,,,,,,1.0,1.0,40,31,57,2025-05-11 23:54:50.999999
1.0,,,2.0,6.0,,,,,,,,,,1.0,1.0,40,31,57,2025-05-11 23:54:51.999999
1.0,,1.0,2.0,6.0,,,,,,1.0,,,,1.0,,40,31,57,2025-05-11 23:54:52.999999
,,1.0,2.0,6.0,,,,,3.0,,,,,1.0,,40,31,57,2025-05-11 23:54:53.999999
,1.0,1.0,2.0,6.0,,,4.0,,3.0,,,,,1.0,,30,37,57,2025-05-11 23:54:54.999999
,1.0,1.0,2.0,1.0,,,4.0,,3.0,,,,,1.0,,39,37,32,2025-05-11 23:54:55.999999
,1.0,1.0,3.0,1.0,,,,,3.0,,,,,1.0,,39,37,32,2025-05-11 23:54:56.999999
,,1.0,1.0,1.0,,,,,3.0,,,,,,,39,37,32,2025-05-11 23:54:57.999999
,,1.0,1.0,7.0,,1.0,,,3.0,,,,,,,73,37,33,2025-05-11 23:54:58.999999
,,,1.0,7.0,,1.0,,,3.0,,,,,,,73,37,96,2025-05-11 23:54:59.999999
3.0,,,1.0,7.0,,1.0,,,1.0,,,,,,,73,37,96,2025-05-11 23:55:00.999999
3.0,,,1.0,7.0,,1.0,,,1.0,,,,,,,73,10,96,2025-05-11 23:55:01.999999
3.0,,,1.0,7.0,,1.0,,,1.0,,,,,,,73,10,96,2025-05-11 23:55:02.999999
3.0,,,1.0,7.0,,1.0,,,1.0,,,,,,,65,10,96,2025-05-11 23:55:03.999999
3.0,,,2.0,7.0,,1.0,,,1.0,,,,,,,65,10,96,2025-05-11 23:55:04.999999
3.0,,,2.0,9.0,,1.0,,,1.0,,,,,,,40,49,96,2025-05-11 23:55:05.999999
3.0,,,2.0,9.0,4.0,1.0,,,1.0,,,,,,1.0,40,49,51,2025-05-11 23:55:06.999999
,,,2.0,9.0,4.0,1.0,,,,,,,,,1.0,40,49,51,2025-05-11 23:55:07.999999
,,,2.0,9.0,4.0,,,,,,,,,,1.0,40,85,51,2025-05-11 23:55:08.999999
,,,2.0,,3.0,,,,,,,,,,1.0,40,85,51,2025-05-11 23:55:09.999999
,,,2.0,,3.0,,,,,,,,,,1.0,40,85,51,2025-05-11 23:55:10.999999
,,,2.0,,3.0,,,,,,,,,3.0,1.0,36,85,51,2025-05-11 23:55:11.999999
,,,2.0,,3.0,,,,,,,,,3.0,1.0,36,85,51,2025-05-11 23:55:12.999999
,,,2.0,6.0,3.0,,,,,,,,,3.0,,36,85,5,2025-05-11 23:55:13.999999
,,,2.0,6.0,,,,2.0,,,3.0,,,3.0,,36,85,5,2025-05-11 23:55:14.999999
,,,1.0,6.0,,,,2.0,,,3.0,,,3.0,,36,21,5,2025-05-11 23:55:15.999999
,,2.0,1.0,6.0,,,,,,,3.0,,,3.0,,36,21,5,2025-05-11 23:55:16.999999
,,2.0,3.0,6.0,,,,,1.0,,3.0,,,3.0,,36,21,5,2025-05-11 23:55:17.999999
,,2.0,3.0,6.0,,,,,1.0,,3.0,,,,,40,21,5,2025-05-11 23:55:18.999999
,,2.0,3.0,6.0,,,,,1.0,,3.0,,,,,40,21,5,2025-05-11 23:55:19.999999
,1.0,2.0,3.0,6.0,,,,,1.0,,3.0,,,,2.0,40,21,80,2025-05-11 23:55:20.999999
,1.0,2.0,3.0,6.0,,,,,1.0,,,,,,2.0,40,21,80,2025-05-11 23:55:21.999999
,1.0,2.0,3.0,6.0,,,,,1.0,,,,,,2.0,40,84,80,2025-05-11 23:55:22.999999
,1.0,,3.0,6.0,,,,,1.0,,,3.0,,,2.0,40,84,80,2025-05-11 23:55:23.999999
,1.0,3.0,1.0,6.0,,,,,4.0,,,3.0,,,2.0,40,22,80,2025-05-11 23:55:24.999999
,1.0,3.0,1.0,6.0,,,,,1.0,,,1.0,,,2.0,46,22,80,2025-05-11 23:55:25.999999
,1.0,3.0,1.0,6.0,,,,,1.0,,,,,,2.0,46,22,80,2025-05-11 23:55:26.999999
,,3.0,1.0,9.0,,,3.0,,,,4.0,,,,,46,22,30,2025-05-11 23:55:27.999999
,,3.0,1.0,9.0,,,3.0,,,2.0,4.0,,,,,46,22,30,2025-05-11 23:55:28.999999
,,3.0,1.0,6.0,,,3.0,,,2.0,4.0,,,,,46,22,30,2025-05-11 23:55:29.999999
,,3.0,1.0,6.0,,,3.0,,,2.0,4.0,,,,,46,22,30,2025-05-11 23:55:30.999999
,,,1.0,6.0,,,3.0,,,2.0,4.0,,,,,46,78,30,2025-05-11 23:55:31.999999
,,,1.0,2.0,,,3.0,,,2.0,4.0,,,,,33,78,30,2025-05-11 23:55:32.999999
,1.0,,1.0,2.0,,,3.0,2.0,2.0,2.0,4.0,,,,,33,3,30,2025-05-11 23:55:33.999999
,1.0,,3.0,2.0,,,,2.0,2.0,2.0,4.0,,,,,33,3,70,2025-05-11 23:55:34.999999
,1.0,,3.0,5.0,,,,2.0,,,4.0,,1.0,,,33,89,70,2025-05-11 23:55:35.999999
,,,3.0,5.0,,,,2.0,,,4.0,,1.0,,,33,89,70,2025-05-11 23:55:36.999999
,,,3.0,5.0,,,,,,,,,1.0,,,33,89,70,2025-05-11 23:55:37.999999
,,,3.0,5.0,,,4.0,,,,,,1.0,,,33,89,31,2025-05-11 23:55:38.999999
,,,3.0,5.0,,,4.0,,,,,,1.0,,,1,89,31,2025-05-11 23:55:39.999999
,,,3.0,5.0,,,4.0,,,,,,1.0,,,1,89,31,2025-05-11 23:55:40.999999
,,,3.0,5.0,,,4.0,,,,,,,,,1,89,31,2025-05-11 23:55:41.999999
1.0,,,3.0,4.0,,,4.0,,,,,,1.0,,,1,53,31,2025-05-11 23:55:42.999999
2.0,,,3.0,4.0,,,4.0,,,,,,1.0,,,1,53,31,2025-05-11 23:55:43.999999
2.0,,,3.0,4.0,,,4.0,,,,3.0,,1.0,,,1,53,31,2025-05-11 23:55:44.999999
2.0,1.0,3.0,3.0,4.0,,,,,2.0,,3.0,,1.0,,,1,53,73,2025-05-11 23:55:45.999999
2.0,1.0,3.0,3.0,4.0,,,,,2.0,,,,1.0,,,84,53,19,2025-05-11 23:55:46.999999
2.0,1.0,3.0,3.0,6.0,,,,,2.0,,,,1.0,,,84,98,8,2025-05-11 23:55:47.999999
,1.0,3.0,3.0,6.0,,,,2.0,2.0,,,,1.0,,,84,98,8,2025-05-11 23:55:48.999999
,1.0,3.0,3.0,6.0,,1.0,,2.0,2.0,,,,1.0,,,84,98,8,2025-05-11 23:55:49.999999
,1.0,3.0,3.0,6.0,,1.0,,2.0,2.0,,,,1.0,,,58,98,8,2025-05-11 23:55:50.999999
,1.0,3.0,3.0,6.0,,1.0,,2.0,2.0,,,,1.0,,,58,98,8,2025-05-11 23:55:51.999999
,,,3.0,6.0,,1.0,,2.0,,2.0,,,1.0,,,58,97,8,2025-05-11 23:55:52.999999
,,,3.0,6.0,,1.0,,2.0,,2.0,,,2.0,,,58,97,8,2025-05-11 23:55:53.999999
,,,3.0,9.0,,1.0,,2.0,,2.0,,,,,2.0,58,97,36,2025-05-11 23:55:54.999999
,,,1.0,9.0,,1.0,,,,2.0,,,,,2.0,58,97,36,2025-05-11 23:55:55.999999
,,,1.0,,,,4.0,,,2.0,,,,,2.0,58,97,36,2025-05-11 23:55:56.999999
,,,1.0,,,,4.0,,,2.0,,,,,2.0,87,97,36,2025-05-11 23:55:57.999999
,,,1.0,,,,4.0,,,2.0,,,,,2.0,97,97,36,2025-05-11 23:55:58.999999
,,1.0,1.0,,,,4.0,,,,,,,,2.0,97,95,36,2025-05-11 23:55:59.999999
,,1.0,1.0,,,,4.0,,,,3.0,,,,2.0,97,95,36,2025-05-11 23:56:00.999999
,1.0,1.0,1.0,,,,4.0,,,,3.0,,,,,97,6,61,2025-05-11 23:56:01.999999
,1.0,1.0,3.0,,,,4.0,,,,3.0,,,,,97,6,61,2025-05-11 23:56:02.999999
,1.0,,1.0,9.0,,,,,,,3.0,,,,,97,6,61,2025-05-11 23:56:03.999999
,1.0,,1.0,9.0,,,,,,,3.0,,,,,8,6,61,2025-05-11 23:56:04.999999
,1.0,,1.0,9.0,,,,,,,3.0,,,,,8,6,61,2025-05-11 23:56:05.999999
,1.0,,1.0,9.0,,,,,,,3.0,,,,,8,6,61,2025-05-11 23:56:06.999999
,1.0,,1.0,9.0,,,,,,,3.0,,,,,8,6,61,2025-05-11 23:56:07.999999
,,,1.0,9.0,,,,,,,3.0,,,4.0,,8,37,48,2025-05-11 23:56:08.999999
,,,1.0,9.0,,,,,,,3.0,,,4.0,,8,37,48,2025-05-11 23:56:09.999999
,,,1.0,,,1.0,,,,,3.0,,,4.0,,8,37,48,2025-05-11 23:56:10.999999
,1.0,2.0,1.0,,,1.0,,,,,,,,4.0,,44,37,48,2025-05-11 23:56:11.999999
,1.0,2.0,1.0,,,1.0,,,,,,,,4.0,,44,64,63,2025-05-11 23:56:12.999999
,1.0,2.0,1.0,,,1.0,,,,2.0,,,,4.0,,61,64,63,2025-05-11 23:56:13.999999
,1.0,2.0,1.0,,,1.0,,,,2.0,,,,4.0,1.0,61,64,63,2025-05-11 23:56:14.999999
,1.0,2.0,1.0,,,1.0,,,,2.0,,,2.0,4.0,1.0,61,64,63,2025-05-11 23:56:15.999999
3.0,1.0,2.0,1.0,,,,,1.0,,2.0,,,2.0,4.0,1.0,54,64,63,2025-05-11 23:56:16.999999
3.0,1.0,2.0,1.0,1.0,,,,1.0,,2.0,,,2.0,4.0,1.0,54,64,63,2025-05-11 23:56:17.999999
3.0,1.0,2.0,1.0,1.0,,,,1.0,,2.0,,1.0,2.0,4.0,1.0,54,64,63,2025-05-11 23:56:18.999999
3.0,,1.0,1.0,1.0,,,,,,1.0,,1.0,2.0,3.0,1.0,54,63,76,2025-05-11 23:56:19.999999
3.0,,1.0,1.0,1.0,,,,,3.0,1.0,,1.0,2.0,3.0,1.0,54,63,26,2025-05-11 23:56:20.999999
3.0,,1.0,1.0,1.0,,,,,1.0,1.0,,,2.0,3.0,,54,63,26,2025-05-11 23:56:21.999999
3.0,,1.0,1.0,1.0,,,,,1.0,1.0,,,,3.0,,54,54,26,2025-05-11 23:56:22.999999
2.0,,1.0,1.0,1.0,4.0,,,,1.0,1.0,,,,3.0,,72,54,21,2025-05-11 23:56:23.999999
2.0,,1.0,1.0,1.0,4.0,,,,1.0,1.0,,,,3.0,,72,29,21,2025-05-11 23:56:24.999999
2.0,,1.0,1.0,7.0,4.0,,,,1.0,1.0,,,,3.0,,72,29,21,2025-05-11 23:56:25.999999
2.0,,,1.0,7.0,4.0,,,1.0,1.0,1.0,,4.0,,,,72,29,67,2025-05-11 23:56:26.999999
2.0,,,1.0,7.0,4.0,,,1.0,1.0,1.0,,,1.0,,,72,29,67,2025-05-11 23:56:27.999999
2.0,,,1.0,7.0,3.0,,,1.0,,1.0,,,1.0,,,72,29,67,2025-05-11 23:56:28.999999
2.0,,,1.0,7.0,3.0,,,1.0,,,,,1.0,,,72,29,67,2025-05-11 23:56:29.999999
,,,1.0,7.0,3.0,,,1.0,,,,,1.0,,,12,29,67,2025-05-11 23:56:30.999999
,,3.0,1.0,7.0,3.0,,,1.0,,,,,1.0,,,46,64,67,2025-05-11 23:56:31.999999
,,3.0,3.0,4.0,3.0,,,1.0,,,,,1.0,,,46,64,67,2025-05-11 23:56:32.999999
,1.0,3.0,3.0,4.0,3.0,,,1.0,,,,,1.0,,,46,64,49,2025-05-11 23:56:33.999999
,1.0,3.0,2.0,5.0,3.0,,,1.0,,,,2.0,2.0,,,46,64,49,2025-05-11 23:56:34.999999
,1.0,3.0,2.0,5.0,,,,,3.0,,,,2.0,,,46,64,49,2025-05-11 23:56:35.999999
,1.0,3.0,2.0,5.0,,,,,,2.0,,,2.0,,,46,64,49,2025-05-11 23:56:36.999999
,1.0,3.0,2.0,5.0,,1.0,,,,2.0,,,2.0,,,46,64,49,2025-05-11 23:56:37.999999
,1.0,1.0,2.0,5.0,,1.0,,,,2.0,,,2.0,,,38,20,49,2025-05-11 23:56:38.999999
,1.0,1.0,2.0,5.0,,1.0,,,,,,,2.0,,,38,20,49,2025-05-11 23:56:39.999999
,,1.0,2.0,5.0,,1.0,,,,,,,2.0,3.0,,38,20,40,2025-05-11 23:56:40.999999
,,1.0,3.0,2.0,,1.0,,,,,1.0,,,3.0,,38,96,40,2025-05-11 23:56:41.999999
,,1.0,3.0,2.0,,,,,,,1.0,,,3.0,,38,96,40,2025-05-11 23:56:42.999999
,,1.0,3.0,8.0,,,,,1.0,,1.0,,,3.0,,38,96,40,2025-05-11 23:56:43.999999
3.0,,,3.0,8.0,,,,1.0,1.0,,1.0,,,,,38,96,40,2025-05-11 23:56:44.999999
3.0,,,3.0,8.0,,,,1.0,,,1.0,,,,,11,63,40,2025-05-11 23:56:45.999999
3.0,1.0,,3.0,5.0,,,,1.0,,,4.0,,,,,11,63,40,2025-05-11 23:56:46.999999
3.0,1.0,,3.0,5.0,,,,1.0,,,4.0,,,,,11,63,23,2025-05-11 23:56:47.999999
3.0,1.0,,,5.0,,,,1.0,,,4.0,,2.0,,,11,95,23,2025-05-11 23:56:48.999999
3.0,1.0,,1.0,8.0,,,,1.0,,,4.0,,,,,11,95,23,2025-05-11 23:56:49.999999
,1.0,,1.0,8.0,,,,1.0,,,4.0,,,,,23,95,18,2025-05-11 23:56:50.999999
,1.0,,1.0,8.0,,,,1.0,,,4.0,,,,,23,95,18,2025-05-11 23:56:51.999999
,1.0,,2.0,8.0,1.0,,,1.0,,,,,,,,40,95,18,2025-05-11 23:56:52.999999
,1.0,,2.0,8.0,1.0,1.0,,,,,,,,,,4,95,18,2025-05-11 23:56:53.999999
,1.0,,2.0,8.0,1.0,1.0,,,,,3.0,,,,,4,95,18,2025-05-11 23:56:54.999999
,1.0,,2.0,8.0,1.0,1.0,,,,,3.0,,,,,4,90,18,2025-05-11 23:56:55.999999
,1.0,,2.0,2.0,1.0,1.0,,,,,,,,,,4,90,18,2025-05-11 23:56:56.999999
1.0,1.0,,2.0,2.0,1.0,1.0,,,,,,,,,,4,90,96,2025-05-11 23:56:57.999999
,1.0,,2.0,2.0,1.0,1.0,,,,,,,2.0,,,4,12,96,2025-05-11 23:56:58.999999
,1.0,,1.0,2.0,,1.0,,,,,,,2.0,,,4,76,96,2025-05-11 23:56:59.999999
,,,1.0,2.0,,1.0,,,,,,,2.0,,,57,76,96,2025-05-11 23:57:00.999999
,,,1.0,2.0,,1.0,,,,,,,2.0,,,57,76,96,2025-05-11 23:57:01.999999
,,,1.0,2.0,,1.0,,,,,,,2.0,,,57,76,96,2025-05-11 23:57:02.999999
,,,1.0,2.0,,1.0,,,,,,,2.0,,,57,76,77,2025-05-11 23:57:03.999999
,,2.0,1.0,2.0,,1.0,,,,,,3.0,2.0,,,10,99,77,2025-05-11 23:57:04.999999
1.0,,2.0,1.0,2.0,,1.0,1.0,,,,,3.0,2.0,,,34,99,77,2025-05-11 23:57:05.999999
1.0,,,3.0,2.0,,1.0,1.0,,,,,3.0,2.0,,,34,99,77,2025-05-11 23:57:06.999999
1.0,,,3.0,2.0,,,1.0,,,,,3.0,2.0,,,34,77,77,2025-05-11 23:57:07.999999
1.0,,,3.0,2.0,,,1.0,,,,,3.0,2.0,,,34,32,65,2025-05-11 23:57:08.999999
1.0,,,3.0,6.0,,,1.0,,,,,3.0,,2.0,,34,32,65,2025-05-11 23:57:09.999999
1.0,,,3.0,6.0,,,1.0,,,,,3.0,,2.0,,34,32,63,2025-05-11 23:57:10.999999
1.0,,,3.0,6.0,1.0,,1.0,,,,,,,2.0,,34,32,63,2025-05-11 23:57:11.999999
,,,3.0,6.0,1.0,,,,,,,,,,1.0,13,32,63,2025-05-11 23:57:12.999999
,,,2.0,6.0,1.0,,,,,,,,,,2.0,13,32,63,2025-05-11 23:57:13.999999
,,,2.0,6.0,1.0,,,,,,,,,,2.0,13,37,5,2025-05-11 23:57:14.999999
,,,2.0,6.0,1.0,,,,,,,,,,2.0,13,37,5,2025-05-11 23:57:15.999999
,,,2.0,4.0,1.0,,,,,,,,,,2.0,13,37,5,2025-05-11 23:57:16.999999
,,,2.0,4.0,1.0,1.0,,,,,,,,,2.0,13,37,5,2025-05-11 23:57:17.999999
,,,2.0,4.0,,1.0,,,1.0,,,,,,2.0,13,37,5,2025-05-11 23:57:18.999999
,,,2.0,,,1.0,,,1.0,,,,,4.0,2.0,87,5,5,2025-05-11 23:57:19.999999
,,,2.0,,,1.0,,,,2.0,,,,4.0,2.0,87,5,5,2025-05-11 23:57:20.999999
,,,2.0,,,1.0,,,,2.0,,,,4.0,2.0,87,5,39,2025-05-11 23:57:21.999999
,,2.0,2.0,,,1.0,,,,2.0,,,,4.0,2.0,87,5,39,2025-05-11 23:57:22.999999
,,2.0,2.0,,,1.0,,,,2.0,,,,4.0,2.0,87,5,39,2025-05-11 23:57:23.999999
,,2.0,2.0,5.0,,1.0,,,,2.0,,,,4.0,2.0,71,66,39,2025-05-11 23:57:24.999999
,,2.0,2.0,5.0,,1.0,,,,2.0,,,,4.0,2.0,71,66,39,2025-05-11 23:57:25.999999
,,3.0,2.0,5.0,,1.0,2.0,,,2.0,,,,,2.0,71,66,89,2025-05-11 23:57:26.999999
,,3.0,3.0,5.0,,1.0,2.0,,,,,,,,,71,66,89,2025-05-11 23:57:27.999999
,,3.0,3.0,5.0,,,2.0,2.0,4.0,,,,,,,71,66,89,2025-05-11 23:57:28.999999
,,3.0,3.0,5.0,,,2.0,2.0,4.0,,,,,,,71,66,89,2025-05-11 23:57:29.999999
,,3.0,3.0,2.0,,,2.0,2.0,4.0,,,,,,,71,66,89,2025-05-11 23:57:30.999999
,,3.0,3.0,,,,2.0,2.0,4.0,,,,,,,99,7,89,2025-05-11 23:57:31.999999
,,3.0,3.0,,,,2.0,2.0,,,,,,,,99,7,89,2025-05-11 23:57:32.999999
1.0,,3.0,3.0,,,,,2.0,,,,,,3.0,1.0,99,7,40,2025-05-11 23:57:33.999999
,,3.0,1.0,,,,,2.0,,,,,,3.0,1.0,99,7,40,2025-05-11 23:57:34.999999
,,3.0,1.0,,,,,,,,,,,3.0,1.0,99,7,40,2025-05-11 23:57:35.999999
,,3.0,1.0,,,,,,,,,,,3.0,1.0,99,7,20,2025-05-11 23:57:36.999999
,,3.0,1.0,,4.0,,,,,,,,,3.0,1.0,99,7,20,2025-05-11 23:57:37.999999
,,3.0,1.0,1.0,4.0,,,,,,,,,3.0,1.0,99,23,20,2025-05-11 23:57:38.999999
,,,1.0,1.0,4.0,,,,,,3.0,,,3.0,1.0,99,23,20,2025-05-11 23:57:39.999999
,1.0,,1.0,1.0,4.0,,,,,,3.0,,,1.0,,99,23,20,2025-05-11 23:57:40.999999
,1.0,,2.0,1.0,4.0,,,2.0,,2.0,3.0,,,1.0,,99,23,20,2025-05-11 23:57:41.999999
,1.0,,2.0,1.0,4.0,,,2.0,,2.0,3.0,4.0,1.0,1.0,,19,23,20,2025-05-11 23:57:42.999999
,1.0,,2.0,1.0,4.0,,,,,2.0,3.0,4.0,1.0,1.0,,19,23,70,2025-05-11 23:57:43.999999
,1.0,,2.0,1.0,4.0,,,,,2.0,3.0,4.0,1.0,1.0,,73,23,52,2025-05-11 23:57:44.999999
,1.0,,2.0,1.0,,,,,,,3.0,4.0,2.0,1.0,,71,47,52,2025-05-11 23:57:45.999999
,1.0,,2.0,1.0,,,,,,,,4.0,2.0,1.0,,71,47,52,2025-05-11 23:57:46.999999
,1.0,,2.0,1.0,,1.0,,,,,,,,,,71,47,52,2025-05-11 23:57:47.999999
,1.0,,2.0,1.0,,1.0,,,,,,,,,,34,47,52,2025-05-11 23:57:48.999999
,1.0,,2.0,1.0,,1.0,,,,,,,,,,34,47,52,2025-05-11 23:57:49.999999
,1.0,,2.0,1.0,,1.0,,,,,,,,,,34,47,52,2025-05-11 23:57:50.999999
,1.0,,2.0,1.0,,1.0,,,,1.0,,,,,1.0,34,47,68,2025-05-11 23:57:51.999999
,1.0,,2.0,5.0,,1.0,,,,1.0,,,,2.0,1.0,34,25,68,2025-05-11 23:57:52.999999
,1.0,,2.0,5.0,,1.0,,,3.0,1.0,,,,2.0,1.0,34,96,68,2025-05-11 23:57:53.999999
,1.0,,2.0,4.0,,1.0,,,3.0,1.0,,,,2.0,1.0,34,96,68,2025-05-11 23:57:54.999999
,1.0,,1.0,4.0,,1.0,,,3.0,1.0,,,,2.0,1.0,82,96,51,2025-05-11 23:57:55.999999
,1.0,,2.0,4.0,,,,,3.0,1.0,,,,2.0,1.0,82,96,51,2025-05-11 23:57:56.999999
1.0,,,3.0,4.0,,,,,3.0,1.0,,,,2.0,1.0,82,96,51,2025-05-11 23:57:57.999999
1.0,,,3.0,5.0,,,,,3.0,2.0,,,,2.0,,82,96,51,2025-05-11 23:57:58.999999
1.0,,,3.0,5.0,4.0,,,,3.0,2.0,,,,3.0,,82,96,51,2025-05-11 23:57:59.999999
1.0,,,3.0,5.0,4.0,,,,3.0,2.0,2.0,,,3.0,,82,6,51,2025-05-11 23:58:00.999999
1.0,,,3.0,5.0,4.0,,,,3.0,2.0,2.0,,,3.0,,82,6,51,2025-05-11 23:58:01.999999
1.0,,,3.0,5.0,4.0,,,,3.0,2.0,2.0,,,3.0,,44,6,6,2025-05-11 23:58:02.999999
1.0,,,3.0,5.0,4.0,1.0,,,3.0,2.0,3.0,,,3.0,,44,6,94,2025-05-11 23:58:03.999999
,,,1.0,5.0,4.0,1.0,,,3.0,2.0,3.0,,,3.0,,44,6,94,2025-05-11 23:58:04.999999
,,1.0,1.0,7.0,4.0,1.0,,,3.0,,,,,3.0,1.0,44,6,88,2025-05-11 23:58:05.999999
,,1.0,1.0,7.0,,1.0,3.0,,3.0,,,,1.0,2.0,1.0,44,78,88,2025-05-11 23:58:06.999999
,,1.0,1.0,7.0,,1.0,3.0,,3.0,,,,1.0,2.0,1.0,44,78,88,2025-05-11 23:58:07.999999
,,1.0,1.0,7.0,,,3.0,,3.0,,,,1.0,,1.0,87,78,88,2025-05-11 23:58:08.999999
,,1.0,1.0,7.0,,,3.0,,3.0,,,,1.0,,1.0,36,78,88,2025-05-11 23:58:09.999999
,,1.0,1.0,7.0,,,3.0,,3.0,,,,1.0,,1.0,36,78,88,2025-05-11 23:58:10.999999
1.0,,1.0,2.0,7.0,,,3.0,,3.0,,,,1.0,,1.0,36,78,88,2025-05-11 23:58:11.999999
1.0,,,2.0,9.0,,,,,3.0,1.0,,,,,,36,9,94,2025-05-11 23:58:12.999999
1.0,,,2.0,9.0,1.0,1.0,,,3.0,1.0,,,,,,36,9,94,2025-05-11 23:58:13.999999
2.0,,,1.0,9.0,1.0,1.0,,,,1.0,,,,,,36,5,94,2025-05-11 23:58:14.999999
,,,1.0,9.0,1.0,1.0,,,,1.0,,,,,,36,5,94,2025-05-11 23:58:15.999999
,,,1.0,9.0,,1.0,,,,1.0,,,,3.0,,23,5,94,2025-05-11 23:58:16.999999
,,,1.0,9.0,,,,,,1.0,,,,3.0,,23,5,94,2025-05-11 23:58:17.999999
,,,1.0,9.0,,,,,,1.0,,,,3.0,1.0,23,5,94,2025-05-11 23:58:18.999999
,,,1.0,4.0,,,3.0,2.0,,2.0,3.0,,,3.0,1.0,23,5,29,2025-05-11 23:58:19.999999
,,,1.0,4.0,,,3.0,2.0,,1.0,3.0,,,3.0,1.0,23,5,29,2025-05-11 23:58:20.999999
,,,1.0,4.0,,,3.0,,,1.0,3.0,,,3.0,1.0,23,62,29,2025-05-11 23:58:21.999999
,,1.0,1.0,5.0,,,3.0,,2.0,1.0,3.0,,,3.0,1.0,23,62,29,2025-05-11 23:58:22.999999
,,1.0,1.0,5.0,,,3.0,,2.0,1.0,3.0,,1.0,4.0,1.0,60,21,29,2025-05-11 23:58:23.999999
,,1.0,1.0,5.0,,,3.0,,2.0,1.0,3.0,,1.0,4.0,,60,50,29,2025-05-11 23:58:24.999999
,,,1.0,5.0,,,3.0,,2.0,1.0,3.0,,1.0,4.0,,60,50,29,2025-05-11 23:58:25.999999
,,,3.0,5.0,,,,,2.0,1.0,4.0,,1.0,4.0,,60,50,86,2025-05-11 23:58:26.999999
,,,3.0,5.0,,,,,2.0,,4.0,,1.0,4.0,,60,50,86,2025-05-11 23:58:27.999999
,,,3.0,1.0,,,,2.0,2.0,,4.0,,1.0,4.0,,29,50,36,2025-05-11 23:58:28.999999
2.0,,,3.0,1.0,,,,2.0,,,4.0,,1.0,4.0,,29,50,36,2025-05-11 23:58:29.999999
2.0,,,3.0,1.0,,,,,,,4.0,,,3.0,,29,50,36,2025-05-11 23:58:30.999999
2.0,,,3.0,1.0,,,,,,,,,,3.0,,29,68,36,2025-05-11 23:58:31.999999
,,,3.0,1.0,,,,,,,,,,3.0,,29,68,36,2025-05-11 23:58:32.999999
,,,2.0,1.0,,,2.0,,,,,,,4.0,,29,68,36,2025-05-11 23:58:33.999999
,,,2.0,1.0,,,2.0,,,,,2.0,,4.0,,29,68,36,2025-05-11 23:58:34.999999
,,,2.0,3.0,,,4.0,,,,,2.0,,4.0,,91,68,20,2025-05-11 23:58:35.999999
,,,2.0,3.0,,,,1.0,,,3.0,,,4.0,,91,68,20,2025-05-11 23:58:36.999999
,,,2.0,5.0,,,,1.0,,,3.0,,,4.0,,91,68,20,2025-05-11 23:58:37.999999
,,,2.0,5.0,,,1.0,1.0,,,,,,4.0,1.0,91,82,20,2025-05-11 23:58:38.999999
,,,2.0,5.0,,,1.0,1.0,,,,,,4.0,1.0,91,82,8,2025-05-11 23:58:39.999999
,,,1.0,4.0,,,1.0,1.0,,,,,,,1.0,91,82,8,2025-05-11 23:58:40.999999
,,,1.0,4.0,,,1.0,1.0,,,,,,,1.0,54,82,8,2025-05-11 23:58:41.999999
,,,1.0,4.0,,,1.0,1.0,,,,,,,1.0,54,82,8,2025-05-11 23:58:42.999999
,,,1.0,4.0,,,1.0,,,,,,,,1.0,86,74,8,2025-05-11 23:58:43.999999
,,,1.0,1.0,,,1.0,,,,,,,,1.0,4,74,8,2025-05-11 23:58:44.999999
,,,1.0,1.0,1.0,,2.0,,,,,,,,,77,74,8,2025-05-11 23:58:45.999999
,,,1.0,1.0,1.0,,2.0,,,,,,,,,77,74,50,2025-05-11 23:58:46.999999
,,,2.0,1.0,1.0,1.0,2.0,,,,,,,,,77,74,50,2025-05-11 23:58:47.999999
,,,2.0,1.0,1.0,1.0,2.0,,2.0,,,,,,,77,74,93,2025-05-11 23:58:48.999999
,,,2.0,1.0,1.0,1.0,2.0,,2.0,,,,,,,77,74,93,2025-05-11 23:58:49.999999
,,,2.0,1.0,1.0,1.0,2.0,,2.0,,,,,,,77,81,93,2025-05-11 23:58:50.999999
,,,2.0,1.0,,1.0,2.0,,2.0,,,,,,,97,81,93,2025-05-11 23:58:51.999999
,,,2.0,1.0,,1.0,3.0,,2.0,,,,,,,97,81,76,2025-05-11 23:58:52.999999
,,2.0,2.0,1.0,,1.0,3.0,,2.0,,,,,,,97,81,76,2025-05-11 23:58:53.999999
,,2.0,1.0,1.0,,,3.0,,2.0,,,,,,,97,81,18,2025-05-11 23:58:54.999999
,,,1.0,1.0,,,3.0,,,,,2.0,,,,97,81,18,2025-05-11 23:58:55.999999
,,,1.0,4.0,,,3.0,,,,,2.0,,,,97,81,18,2025-05-11 23:58:56.999999
,,,1.0,4.0,,,3.0,,,2.0,,2.0,,,,97,61,18,2025-05-11 23:58:57.999999
,,,1.0,4.0,4.0,,3.0,,,2.0,3.0,2.0,,,,39,25,18,2025-05-11 23:58:58.999999
,,,1.0,4.0,4.0,,,,,2.0,3.0,,,,,39,25,50,2025-05-11 23:58:59.999999
,,,1.0,4.0,4.0,,,,,2.0,4.0,,,,,39,25,50,2025-05-11 23:59:00.999999
,,,1.0,4.0,4.0,,,,,2.0,4.0,,,,,39,25,50,2025-05-11 23:59:01.999999
,,,1.0,4.0,4.0,,,,,2.0,4.0,,,,2.0,39,25,50,2025-05-11 23:59:02.999999
,,,1.0,,,,,,,2.0,4.0,,,,2.0,39,25,50,2025-05-11 23:59:03.999999
,,,1.0,,,,,,,,,,,,2.0,39,25,50,2025-05-11 23:59:04.999999
,,,1.0,,,,,,,,,,,,2.0,8,9,50,2025-05-11 23:59:05.999999
,,,1.0,,,,4.0,,1.0,,,,,,2.0,8,70,29,2025-05-11 23:59:06.999999
,,2.0,1.0,,,,4.0,,1.0,,,,,,2.0,8,70,29,2025-05-11 23:59:07.999999
,,2.0,3.0,,2.0,,4.0,,1.0,,,,,,1.0,8,70,11,2025-05-11 23:59:08.999999
,,2.0,3.0,,2.0,,4.0,,1.0,,,,,,1.0,16,78,11,2025-05-11 23:59:09.999999
,,2.0,3.0,4.0,2.0,,4.0,,1.0,,,,,,1.0,16,78,11,2025-05-11 23:59:10.999999
,,2.0,3.0,4.0,2.0,,4.0,,1.0,,,,,,1.0,16,78,11,2025-05-11 23:59:11.999999
,,2.0,3.0,4.0,2.0,,4.0,,1.0,,,,,,1.0,16,78,11,2025-05-11 23:59:12.999999
,1.0,2.0,3.0,4.0,2.0,1.0,,,3.0,,,1.0,,,1.0,16,78,11,2025-05-11 23:59:13.999999
,1.0,,2.0,4.0,2.0,1.0,,,3.0,,,1.0,,,1.0,16,78,11,2025-05-11 23:59:14.999999
,1.0,,2.0,4.0,,1.0,,,3.0,,,1.0,,,,53,78,11,2025-05-11 23:59:15.999999
,1.0,,1.0,4.0,,1.0,,,3.0,,,1.0,,,,53,32,11,2025-05-11 23:59:16.999999
,1.0,,1.0,5.0,,1.0,,,3.0,,,1.0,,,,53,32,11,2025-05-11 23:59:17.999999
,1.0,,1.0,9.0,,1.0,2.0,,3.0,2.0,,1.0,,,,53,32,11,2025-05-11 23:59:18.999999
,1.0,,1.0,6.0,,1.0,,,3.0,2.0,,1.0,,,,53,32,11,2025-05-11 23:59:19.999999
,,2.0,1.0,6.0,,1.0,,,,2.0,,,,,,53,32,11,2025-05-11 23:59:20.999999
,,2.0,1.0,6.0,,1.0,,1.0,,2.0,,,1.0,,,53,32,11,2025-05-11 23:59:21.999999
,,2.0,1.0,6.0,,1.0,,1.0,,,,,1.0,,,40,26,77,2025-05-11 23:59:22.999999
4.0,,2.0,1.0,6.0,,1.0,,1.0,,,,,1.0,,,40,26,77,2025-05-11 23:59:23.999999
4.0,,2.0,3.0,,,1.0,,1.0,,,,,,,,40,26,77,2025-05-11 23:59:24.999999
4.0,,2.0,3.0,,,1.0,,1.0,,,,,,,,40,64,77,2025-05-11 23:59:25.999999
4.0,,2.0,3.0,,,1.0,,1.0,,,,4.0,,,,40,64,77,2025-05-11 23:59:26.999999
4.0,,,3.0,,,,,1.0,1.0,,,4.0,,,,40,64,77,2025-05-11 23:59:27.999999
4.0,1.0,,3.0,,,,,,1.0,2.0,,4.0,,,,40,27,77,2025-05-11 23:59:28.999999
4.0,1.0,,3.0,,3.0,,,2.0,1.0,2.0,,4.0,,,,2,27,48,2025-05-11 23:59:29.999999
,1.0,,3.0,,3.0,,,2.0,1.0,2.0,4.0,4.0,,,,2,27,48,2025-05-11 23:59:30.999999
,1.0,,3.0,,,,,2.0,1.0,2.0,4.0,4.0,,,,2,27,48,2025-05-11 23:59:31.999999
,1.0,,3.0,,,,1.0,2.0,1.0,2.0,4.0,4.0,,,2.0,2,27,48,2025-05-11 23:59:32.999999
,1.0,,3.0,,,,1.0,2.0,1.0,2.0,4.0,2.0,,,2.0,2,27,48,2025-05-11 23:59:33.999999
,1.0,,3.0,,,,1.0,2.0,,2.0,4.0,2.0,,,,2,24,48,2025-05-11 23:59:34.999999
,1.0,,2.0,,,,1.0,2.0,,,4.0,2.0,,,,2,24,48,2025-05-11 23:59:35.999999
,1.0,,2.0,,,,1.0,1.0,,,4.0,2.0,,,,2,24,38,2025-05-11 23:59:36.999999
,,,2.0,,,,1.0,1.0,,,3.0,2.0,,,,2,81,38,2025-05-11 23:59:37.999999
,,,2.0,,,,3.0,1.0,,,3.0,2.0,,,,2,81,38,2025-05-11 23:59:38.999999
,,,2.0,,,,3.0,1.0,,,3.0,2.0,,,,95,81,38,2025-05-11 23:59:39.999999
,,,2.0,,,,3.0,1.0,,,,,,,,95,81,38,2025-05-11 23:59:40.999999
,,,2.0,,,,3.0,1.0,,,,,,,,95,81,38,2025-05-11 23:59:41.999999
,,,2.0,9.0,,,3.0,1.0,,,,,,,,95,81,38,2025-05-11 23:59:42.999999
,1.0,,2.0,1.0,,,3.0,,,,,,,,,95,81,41,2025-05-11 23:59:43.999999
,1.0,,2.0,1.0,,,3.0,,,,,,1.0,,,95,10,41,2025-05-11 23:59:44.999999
,1.0,1.0,2.0,1.0,4.0,,,,,,,,1.0,,,95,10,41,2025-05-11 23:59:45.999999
,1.0,1.0,2.0,1.0,4.0,,,,,,,,1.0,,,36,10,41,2025-05-11 23:59:46.999999
,1.0,1.0,2.0,1.0,4.0,,,,,,,,1.0,,,36,10,66,2025-05-11 23:59:47.999999
,1.0,1.0,2.0,3.0,4.0,,,,,,3.0,,1.0,,,36,10,66,2025-05-11 23:59:48.999999
,1.0,1.0,2.0,3.0,4.0,,,,,,3.0,,1.0,,,36,10,66,2025-05-11 23:59:49.999999
,,1.0,2.0,3.0,4.0,,,,,,3.0,,1.0,,,36,10,66,2025-05-11 23:59:50.999999
,,1.0,2.0,3.0,4.0,,,,,,3.0,,1.0,,,36,42,66,2025-05-11 23:59:51.999999
,,,3.0,3.0,,,,,,,3.0,,1.0,,1.0,79,42,66,2025-05-11 23:59:52.999999
,,,3.0,3.0,,,1.0,,,,3.0,,1.0,,1.0,92,42,66,2025-05-11 23:59:53.999999
,,,3.0,3.0,,,1.0,,,,3.0,3.0,1.0,,2.0,92,42,6,2025-05-11 23:59:54.999999
,,,3.0,7.0,,,1.0,,,,3.0,3.0,1.0,,2.0,92,54,6,2025-05-11 23:59:55.999999
,,,3.0,7.0,,1.0,1.0,,,,3.0,3.0,1.0,,2.0,92,54,6,2025-05-11 23:59:56.999999
,,,3.0,9.0,,1.0,1.0,,,,3.0,3.0,1.0,,,92,54,6,2025-05-11 23:59:57.999999
,,,3.0,9.0,,1.0,1.0,2.0,,,3.0,,1.0,,,92,54,6,2025-05-11 23:59:58.999999
,,2.0,3.0,9.0,,1.0,1.0,2.0,,,3.0,,1.0,,,92,42,6,2025-05-11 23:59:59.999999
